Name,Designation,Department,Availability,Experience,Fees
Dr. Ngozi J Efobi,Consultant,Physiatrist,NA,NA,NA
Dr. Johnathon Berry,Consultant,Emergency Doctor,NA,NA,NA
Dr. HL Manjunath Shastry,"MBBS, DNB - General Surgery",General Surgeon,NA,NA,₹ 700
Dr. Vicki C Baker,Consultant,Oncologist,NA,NA,NA
Dr. David V Chand,Consultant,Infectious Disease Specialist,NA,NA,NA
डॉ. दनीनेश लाड,Consultant,हड्डी का डॉक्टर,NA,NA,NA
डॉ. एचएल मंजुनाथ शस्ट्री,"MBBS, डीएनबी - जनरल सर्जरी",सार्विक शल्य चिकित्सक,NA,NA,NA
Dr. Dnyanesh Lad,"MBBS, DNB - Orthopedics, Fellowship - Adult Joint Reconstruction",Orthopedist,NA,NA,₹ 2000
Dr. Tarik Z Ali,Consultant,Vascular Surgeon,NA,NA,NA
Dr. Suzan Bilgesu,Consultant,Internal Medicine Specialist,NA,NA,NA
Dr. Daniel J Abood,Consultant,Internal Medicine Specialist,NA,NA,NA
डॉ. गांसधाम कामथ,MBBS,हड्डी का डॉक्टर,NA,NA,NA
Dr. Ganshyam Kamath,MBBS,Orthopedist,NA,NA,NA
Dr. Ruth J Barta,Consultant,Plastic Surgeon,NA,NA,NA
Dr. Brian M Aboff,Consultant,Internal Medicine Specialist,NA,NA,NA
Dr. Danielle T Briseno,Consultant,Pediatrician,NA,NA,NA
Dr. Matthew J Burke,Consultant,Psychiatrist,NA,NA,NA
Dr. G Sundaram,"MBBS, MS - Orthopaedics",Orthopedist,NA,NA,NA
Dr. Gaurav Kamra,"MBBS, MS - Orthopedics",Orthopedist,NA,NA,NA
डॉ. जी सुंदरम,"MBBS, एमएस - अस्थि-रोग",हड्डी का डॉक्टर,NA,NA,NA
डॉ. गौरव कामरा,", एमएस - आर्थोपेडिक्स",हड्डी का डॉक्टर,NA,NA,NA
Dr. Vrinda Agrawal,Consultant,Endocrinologist,NA,NA,NA
Dr. Mollie E Andreae,Consultant,Internal Medicine Specialist,NA,NA,NA
Dr. Gaurav Kesri,"MBBS, MS - General Surgery , MCh - Neuro Surgery",Neurosurgeon,NA,NA,NA
Dr. Yousef H Altowaireb,Consultant,Endocrinologist,NA,NA,NA
Dr. Filomena Abitino,Consultant,Internal Medicine Specialist,NA,NA,NA
Dr. Michael Matthew,Consultant,Plastic Surgeon,NA,NA,NA
डॉ. गौरव केसरी,Consultant,न्यूरोसर्जन,NA,NA,NA
Dr. Joseph J Callanan,Consultant,Immunologist,NA,NA,NA
Dr. Daniel J Addanki,Consultant,Nephrologist,NA,NA,NA
Dr. Arthur N Merrell,Consultant,Psychiatrist,NA,NA,NA
Dr. Dona Barnes,Consultant,Neonatologist,NA,NA,NA
Dr. Cynthia M Bonner,Consultant,Neonatologist,NA,NA,NA
Dr. Jose G Bazan,Consultant,Radiation Oncologist,NA,NA,NA
Dr. Brian N Bailey,Consultant,Dermatologist,NA,NA,NA
Dr. Neal A Adkins,Consultant,Gynaecologist,NA,NA,NA
Dr. Mackenzie L Denich,Consultant,Neonatologist,NA,NA,NA
Dr. Mohammad Bader,Consultant,Radiologist,NA,NA,NA
Dr. Charles C Coddington,Consultant,Gynaecologist,NA,NA,NA
Dr. G Vijayaraghavan,"MBBS, MS - Orthopedics, DNB - Orthopaedics",Spine Surgeon,NA,NA,₹ 500
Dr. G Venkatesh Babu,"MBBS, MS, MCh",Plastic Surgeon,NA,NA,NA
डॉ. जी विजयाराघवन,"MBBS, एमएस - अस्थि-रोग, डी एन बी - अस्थि-रोग",स्पाइन सर्जन,NA,NA,NA
डॉ. जी वेंकटेश बाबू,"MBBS, एमएस, मच",प्लास्टिक शल्यचिकित्सक,NA,NA,NA
डॉ. अजय झशेवेरी,"MBBS, डी एन बी - जनरल मेडिसिन, डी एन बी - गैस्ट्रोएंटरोलॉजी",जठरांत्र चिकित्सक,NA,"17 साल का अनुभव,",NA
Dr. Ajay Zhaveri,"MBBS, DNB - General Medicine, DNB - Gastroenterology",Hepatologist,NA,"17 Years of Practice,",₹ 1500
Dr. Angela M Budgin,Consultant,Infectious Disease Specialist,NA,NA,NA
Dr. Jacob E Abraham,Consultant,Critical Care Specialist,NA,NA,NA
Dr. Monica L Brown,Consultant,Pediatric Rheumatologist,NA,NA,NA
Dr. Amanda F Saltzman,Consultant,Urologist,NA,NA,NA
Name,Designation,Department,Availability,Experience,Fees
Dr. HL Manjunath Shastry,"MBBS, DNB - General Surgery",General Surgeon,NA,NA,₹ 700
Dr. Johnathon Berry,Consultant,Emergency Doctor,NA,NA,NA
Dr. Ngozi J Efobi,Consultant,Physiatrist,NA,NA,NA
डॉ. एचएल मंजुनाथ शस्ट्री,"MBBS, डीएनबी - जनरल सर्जरी",सार्विक शल्य चिकित्सक,NA,NA,NA
Dr. Dnyanesh Lad,"MBBS, DNB - Orthopedics, Fellowship - Adult Joint Reconstruction",Orthopedist,NA,NA,₹ 2000
Dr. Vicki C Baker,Consultant,Oncologist,NA,NA,NA
Dr. David V Chand,Consultant,Infectious Disease Specialist,NA,NA,NA
डॉ. दनीनेश लाड,Consultant,हड्डी का डॉक्टर,NA,NA,NA
Dr. Daniel J Abood,Consultant,Internal Medicine Specialist,NA,NA,NA
Dr. Suzan Bilgesu,Consultant,Internal Medicine Specialist,NA,NA,NA
Dr. Ganshyam Kamath,MBBS,Orthopedist,NA,NA,NA
Dr. Tarik Z Ali,Consultant,Vascular Surgeon,NA,NA,NA
डॉ. गांसधाम कामथ,MBBS,हड्डी का डॉक्टर,NA,NA,NA
Dr. Ruth J Barta,Consultant,Plastic Surgeon,NA,NA,NA
Dr. Brian M Aboff,Consultant,Internal Medicine Specialist,NA,NA,NA
Dr. Danielle T Briseno,Consultant,Pediatrician,NA,NA,NA
Dr. Matthew J Burke,Consultant,Psychiatrist,NA,NA,NA
Dr. G Sundaram,"MBBS, MS - Orthopaedics",Orthopedist,NA,NA,NA
डॉ. जी सुंदरम,"MBBS, एमएस - अस्थि-रोग",हड्डी का डॉक्टर,NA,NA,NA
Dr. Gaurav Kamra,"MBBS, MS - Orthopedics",Orthopedist,NA,NA,NA
डॉ. गौरव कामरा,", एमएस - आर्थोपेडिक्स",हड्डी का डॉक्टर,NA,NA,NA
Dr. Mollie E Andreae,Consultant,Internal Medicine Specialist,NA,NA,NA
Dr. Vrinda Agrawal,Consultant,Endocrinologist,NA,NA,NA
Dr. Gaurav Kesri,"MBBS, MS - General Surgery , MCh - Neuro Surgery",Neurosurgeon,NA,NA,NA
डॉ. गौरव केसरी,Consultant,न्यूरोसर्जन,NA,NA,NA
Dr. Michael Matthew,Consultant,Plastic Surgeon,NA,NA,NA
Dr. Yousef H Altowaireb,Consultant,Endocrinologist,NA,NA,NA
Dr. Joseph J Callanan,Consultant,Immunologist,NA,NA,NA
Dr. Daniel J Addanki,Consultant,Nephrologist,NA,NA,NA
Dr. Filomena Abitino,Consultant,Internal Medicine Specialist,NA,NA,NA
Dr. Dona Barnes,Consultant,Neonatologist,NA,NA,NA
Dr. Arthur N Merrell,Consultant,Psychiatrist,NA,NA,NA
Dr. Cynthia M Bonner,Consultant,Neonatologist,NA,NA,NA
Dr. Jose G Bazan,Consultant,Radiation Oncologist,NA,NA,NA
Dr. Neal A Adkins,Consultant,Gynaecologist,NA,NA,NA
Dr. Mackenzie L Denich,Consultant,Neonatologist,NA,NA,NA
Dr. Brian N Bailey,Consultant,Dermatologist,NA,NA,NA
Dr. Mohammad Bader,Consultant,Radiologist,NA,NA,NA
डॉ. जी विजयाराघवन,"MBBS, एमएस - अस्थि-रोग, डी एन बी - अस्थि-रोग",स्पाइन सर्जन,NA,NA,NA
Dr. Charles C Coddington,Consultant,Gynaecologist,NA,NA,NA
Dr. G Venkatesh Babu,"MBBS, MS, MCh",Plastic Surgeon,NA,NA,NA
डॉ. जी वेंकटेश बाबू,"MBBS, एमएस, मच",प्लास्टिक शल्यचिकित्सक,NA,NA,NA
Dr. G Vijayaraghavan,"MBBS, MS - Orthopedics, DNB - Orthopaedics",Spine Surgeon,NA,NA,₹ 500
डॉ. अजय झशेवेरी,"MBBS, डी एन बी - जनरल मेडिसिन, डी एन बी - गैस्ट्रोएंटरोलॉजी",जठरांत्र चिकित्सक,NA,"17 साल का अनुभव,",NA
Dr. Ajay Zhaveri,"MBBS, DNB - General Medicine, DNB - Gastroenterology",Hepatologist,NA,"17 Years of Practice,",₹ 1500
Dr. Angela M Budgin,Consultant,Infectious Disease Specialist,NA,NA,NA
Dr. Monica L Brown,Consultant,Pediatric Rheumatologist,NA,NA,NA
Dr. Jacob E Abraham,Consultant,Critical Care Specialist,NA,NA,NA
Dr. Pooja Tanna,"MBBS, MS - General Surgery",Oncologist,NA,NA,₹ 1150
Dr. Amanda F Saltzman,Consultant,Urologist,NA,NA,NA
डॉ. पूजा तन्ना,Consultant,ऑन्कोलॉजिस्ट,NA,NA,NA
डॉ. अतुल हेगडे,Consultant,नेत्र-विशेषज्ञ,NA,NA,NA
डॉ. गिरीश कुमथेकर,MBBS,बाल रोग विशेषज्ञ,NA,NA,NA
Dr. Girish Kumthekar,"MBBS, MD - Medicine, DNB - Nephrology",Pediatric Nephrologist,NA,NA,NA
Dr. Richard W Arnold,Consultant,Geriatric Medicine Specialist,NA,NA,NA
Dr. Atul Hegde,"MBBS, Diploma - Ophthalmic Medicine and Surgery",Opthalmologist,NA,NA,NA
Dr. Emaad M Abdel-Rahman,Consultant,Nephrologist,NA,NA,NA
Dr. Allan M Brants,Consultant,Cardiac Surgeon,NA,NA,NA
Dr. Grace Adamson,Consultant,Internal Medicine Specialist,NA,NA,NA
Dr. Lauren A May,Consultant,Radiologist,NA,NA,NA
Dr. Nighat F Mehdi,Consultant,Pediatric Pulmonologist,NA,NA,NA
Dr. Gunter H Scharer,Consultant,Genetic Medicine Specialist,NA,NA,NA
Dr. Glenn R Gourley,Consultant,Pediatric Gastroenterologist,NA,NA,NA
Dr. Prateek Bhatnagar,"MBBS, MS, MCh",Cardiac Surgeon,NA,NA,NA
Dr. Heidi A McKean,Consultant,Oncologist,NA,NA,NA
डॉ. प्रेटेक भटनागर,Consultant,हृदय शल्य चिकित्सक,NA,NA,NA
Dr. Andrea D Green Hines,Consultant,Infectious Disease Specialist,NA,NA,NA
Dr. Valerie P Bauer,Consultant,Surgical Oncologist,NA,NA,NA
Dr. Eric Holmes,Consultant,Internal Medicine Specialist,NA,NA,NA
Dr. Denise Diprimio Kalman,Consultant,Immunologist,NA,NA,NA
Dr. Thuy-Trang T Ngo,Consultant,Nephrologist,NA,NA,NA
Dr. Daisy Acevedo Morales,Consultant,Endocrinologist,NA,NA,NA
Dr. Gowrishankar Swamy L G,"MBBS, Diploma - Orthopedics, DNB - Orthopedics",Orthopedist,NA,NA,NA
डॉ. GOWRISHANKAR SWAMY L G,"MBBS, Diploma - Orthopedics, डीएम (नेफ्रोलोजी)",हड्डी का डॉक्टर,NA,NA,NA
Dr. Marriam S Ali,Consultant,Endocrinologist,NA,NA,NA
Dr. Dalvir Singh Chauhan,"MBBS, MS - Orthopaedics, MCh - Orthopaedics",Orthopedist,NA,NA,NA
डॉ. दलवीर सिंह चौहान,"MBBS, एमएस - ऑर्थोपेडिक्स, एमसीएच - ऑर्थोपेडिक्स",संयुक्त प्रतिस्थापन सर्जन,NA,NA,NA
Dr. Hemang Bakshi,"MBBS, MS - General Surgery, MCh - Urology",Uro Oncologist,NA,NA,₹ 1800
डॉ. हेमंग बख्शी,Consultant,रोबोटिक सर्जन,NA,NA,NA
Dr. Girish Namagondlu,"MBBS, European Diploma - Transplant Medicine",Nephrologist,NA,NA,NA
Dr. Julia L Agne (Jones),Consultant,Internal Medicine Specialist,NA,NA,NA
डॉ. गिरीश नामगोंडलु,"MBBS, DTCD",किडनी रोग विशेषज्ञ,NA,NA,NA
Dr. Dipchand Bhaskar Bhandare,"MBBS, Diploma - Orthopedics, MS - Orthopaedics",Orthopedist,NA,"45 Years of Practice,",NA
डॉ. डिपचंद भास्कर भंडारे,"MBBS, कर, एमएस - ऑर्थोपेडिक्स",हड्डी का डॉक्टर,NA,"45 साल का अनुभव,",NA
Dr. Michel Apoj,Consultant,Urologist,NA,NA,NA
Dr. Jose A Canas,Consultant,Pediatric Endocrinologist,NA,NA,NA
Dr. Erika Axeen,Consultant,Pediatric Neurologist,NA,NA,NA
Dr. Christopher M Lowther,Consultant,Dermatologist,NA,NA,NA
Dr. Anusiyanthan Mariampillai,Consultant,Oncologist,NA,NA,NA
Dr. Brian S Dunoski,Consultant,Radiologist,NA,NA,NA
Dr. Hannah L Boudreaux,Consultant,Internal Medicine Specialist,NA,NA,NA
Dr. Danielle E Faul,Consultant,Gynaecologist,NA,NA,NA
Dr. Kathy S Clark,Consultant,Radiologist,NA,NA,NA
Dr. Paul J Affleck,Consultant,Critical Care Specialist,NA,NA,NA
Dr. Sai Lakshmi Daayana,"MBBS, MD, Fellowship - Gynae-oncology",Oncologist,NA,"24 Years of Practice,",₹ 700
Dr. Daniel K Choi,Consultant,Pediatric Oncologist,NA,NA,NA
डॉ. साई लक्ष्मी दयण,"एमबीबीएस,",स्त्री रोग विशेषज्ञ,NA,"24 साल का अनुभव,",NA
Dr. Tara C Bouton,Consultant,Infectious Disease Specialist,NA,NA,NA
Dr. John R Bockoven,Consultant,Pediatric Cardiologist,NA,NA,NA
Dr. Mary M Casals,Consultant,Endocrinologist,NA,NA,NA
Dr. Herbert K Acker,Consultant,Geriatric Medicine Specialist,NA,NA,NA
Dr. Melinda J Cassels,Consultant,Neonatologist,NA,NA,NA
Dr. Irine N Achuamang,Consultant,Psychiatrist,NA,NA,NA
Dr. Sahar S Barayan,Consultant,Pediatric Nephrologist,NA,NA,NA
Dr. Anne M Meduri,Consultant,Pediatrician,NA,NA,NA
Dr. Joy L Adams,Consultant,Gynaecologist,NA,NA,NA
Dr. Mujtaba Ali,Consultant,Vascular Surgeon,NA,NA,NA
Dr. Jesse Guardado,Consultant,Surgical Oncologist,NA,NA,NA
Dr. Erica F Adams,Consultant,Geriatric Medicine Specialist,NA,NA,NA
Dr. Stacey N Gillespie,Consultant,Pediatrician,NA,NA,NA
Dr. Atul Aggarwal,Consultant,Nuclear Medicine Specialist,NA,NA,NA
Dr. Deepa Abhilash (Gopalakrishnan),Consultant,Psychiatrist,NA,NA,NA
Dr. Antonio Abadia,Consultant,Critical Care Specialist,NA,NA,NA
Dr. James F Brinkman,Consultant,Plastic Surgeon,NA,NA,NA
Dr. Carlos F Luna,Consultant,Pediatric Cardiologist,NA,NA,NA
Dr. Josiah Bancroft,Consultant,Radiologist,NA,NA,NA
Dr. Ariadna Burgos-Chaves,Consultant,Pediatric Pulmonologist,NA,NA,NA
Dr. Danial S Bokhari,Consultant,Radiologist,NA,NA,NA
Dr. Joseph G Gianfortoni,Consultant,Gynaecologist,NA,NA,NA
Dr. Marcella W Bradway,Consultant,Surgical Oncologist,NA,NA,NA
Dr. Khaleel,"MBBS, MRCM",Emergency Doctor,NA,NA,NA
डॉ. खलील,Consultant,आपातकालीन डॉक्टर,NA,NA,NA
Dr. Tony Adams,Consultant,Pulmonologist,NA,NA,NA
Dr. Sherry S Blair,Consultant,Pediatrician,NA,NA,NA
Dr. Craig A Bassett,Consultant,Gynaecologist,NA,NA,NA
Dr. Tonya L Adams (Brown),Consultant,Gastroenterologist,NA,NA,NA
Dr. Milind Sankhe,"MBBS, MS - General Surgery, MCh. - Neurosurgery",Neurosurgeon,NA,NA,NA
डॉ. मिलिंद सांचे,"MBBS, एमएस - जनरल सर्जरी, मच। - न्यूरोसर्जरी",न्यूरोसर्जन,NA,NA,NA
Dr. Kamlesh Agarwal,"MBBS, MS- General Surgery, MCh (Neuro Surgery)",Neurosurgeon,NA,NA,NA
डॉ. कमलेश अग्रवाल,Consultant,न्यूरोसर्जन,NA,NA,NA
Dr. Adatiya Pawan,"MBBS, Diploma - Psychiatric Medicine",Psychiatrist,NA,NA,NA
डॉ. आदतिया पवन,"MBBS,",मनोचिकित्सक,NA,NA,NA
Dr. Balakrishna Malepati,"MBBS, MD, DM",Cardiologist,NA,NA,NA
डॉ. Balakrishna Malepati,Consultant,हृदय रोग विशेषज्ञ,NA,NA,NA
Dr. Mary Ann T Arildsen,Consultant,Pathologist,NA,NA,NA
Dr. Ishtiyaque Khan,"MBBS, DNB - Orthopedics",Orthopedist,NA,NA,NA
Dr. Stephen Adams,Consultant,Psychiatrist,NA,NA,NA
Dr. Julie Ash,Consultant,Neonatologist,NA,NA,NA
Dr. James S Ashford,Consultant,Critical Care Specialist,NA,NA,NA
Dr. Jaya Goswami,Consultant,Infectious Disease Specialist,NA,NA,NA
Dr. Susan A Bryan,Consultant,Psychiatrist,NA,NA,NA
डॉ. इश्तियाक खान,Consultant,हड्डी का डॉक्टर,NA,NA,NA
Dr. Ryan C Pollina,Consultant,Critical Care Specialist,NA,NA,NA
Dr. Tyler Arnold,Consultant,Pediatrician,NA,NA,NA
Dr. John A Adams,Consultant,Plastic Surgeon,NA,NA,NA
Dr. Alladdin M Abosaida,Consultant,Pediatric Pulmonologist,NA,NA,NA
Dr. Harkesh Arora,Consultant,Endocrinologist,NA,NA,NA
Dr. Tracy Bailey,Consultant,Emergency Doctor,NA,NA,NA
Dr. Sara Fahey,Consultant,Gynaecologist,NA,NA,NA
Dr. Keri Mclean,Consultant,Neonatologist,NA,NA,NA
Dr. Marc Abbate,Consultant,Dermatologist,NA,NA,NA
Dr. Ewa Arnold (Dziewiecka),Consultant,Internal Medicine Specialist,NA,NA,NA
Dr. Gouranga Charan Nayak,"MBBS, DNB - General Surgery, Fellowship",General Surgeon,NA,NA,₹ 500
डॉ. Gouranga Charan Nayak,Consultant,सार्विक शल्य चिकित्सक,NA,NA,NA
Dr. Shama Shaikh,"MBBS, MS - Surgery, DNB",General Surgeon,NA,NA,NA
डॉ. शमा शेख,"MBBS, एमएस - सर्जरी",सार्विक शल्य चिकित्सक,NA,NA,NA
Dr. Ankit Parakh,"MBBS, MD - Pediatrics, DNB - Pediatrics",Pediatrician,NA,"22 Years of Practice,",NA
डॉ. अंकित परख,", एमडी - बाल रोग, डी एन बी - बाल रोग",बच्चों का चिकित्सक,NA,"22 साल का अनुभव,",NA
Dr. Catherine C Cashman,Consultant,Psychiatrist,NA,NA,NA
Dr. Saleh Ahmad,Consultant,Psychiatrist,NA,NA,NA
Dr. Anudeep K Jassal,Consultant,Pediatric Cardiologist,NA,NA,NA
डॉ. कौस्तुभ धुरवे,"MBBS, एमएस - अस्थि-रोग, डिप्लोमा - खेल की दवाई",हड्डी का डॉक्टर,NA,"19 साल का अनुभव,",NA
Dr. Kaustubh Dhurve,"MBBS, MS - Orthopedics, Diploma - Sports Medicine",Orthopedist,NA,"19 Years of Practice,",NA
Dr. Sheilja Singh,"MBBS, MD",Internal Medicine Specialist,NA,NA,NA
Dr. Barbra M Fisher,Consultant,Gynaecologist,NA,NA,NA
डॉ. शीलजा सिंह,"MBBS, एमडी",आंतरिक चिकित्सा विशेषज्ञ,NA,NA,NA
Dr. Paul Johnson,Consultant,Radiologist,NA,NA,NA
Dr. Kamyar Asadipooya,Consultant,Endocrinologist,NA,NA,NA
Dr. Odai Abdalla,Consultant,Neurologist,NA,NA,NA
Dr. David W Swenson,Consultant,Radiologist,NA,NA,NA
Dr. Timothy D Blecha,Consultant,Internal Medicine Specialist,NA,NA,NA
Dr. Heidi Desimone,Consultant,Psychiatrist,NA,NA,NA
Dr. Elise K Dzintars,Consultant,Internal Medicine Specialist,NA,NA,NA
Dr. Alexis A Abel,Consultant,Pediatrician,NA,NA,NA
Dr. Lowell E Davis,Consultant,Gynaecologist,NA,NA,NA
Dr. Mary Eapen,Consultant,Pediatric Oncologist,NA,NA,NA
Dr. Margaret A Bisceglia,Consultant,Gynaecologist,NA,NA,NA
Dr. Douglas W Ball,Consultant,Endocrinologist,NA,NA,NA
Dr. Peter R Blier,Consultant,Pediatric Rheumatologist,NA,NA,NA
डॉ. कपिल गोयल,"MBBS, डिप्लोमा - अस्थि-रोग, डी एन बी - अस्थि-रोग",हड्डी का डॉक्टर,NA,NA,NA
Dr. Rashmi P,"MBBS, MD - Pediatrics, Fellowship - Pediatric Hematology Oncology and Bone Marrow Transplant",Bone Marrow Transplant Specialist,NA,NA,₹ 950
Dr. Kapil Goyal,"MBBS, Diploma - Orthopedics, DNB - Orthopedics",Orthopedist,NA,NA,NA
डॉ. रश्मि पी,"MBBS, एमडी - बाल चिकित्सा, फैलोशिप - बाल चिकित्सा हेमटोलॉजी / ओंकोलॉजी",बाल चिकित्सा ऑन्कोलॉजिस्ट,NA,NA,NA
Dr. Kanishka Sarkar,"MBBS, MD",Radiation Oncologist,NA,NA,₹ 1150
डॉ. कनिष्क सरकार,Consultant,विकिरण ऑन्कोलॉजिस्ट,NA,NA,NA
Dr. Kaushik Sil,"MBBS, MS - General Surgery, DNB - Neurosurgery",Spine Surgeon,NA,NA,₹ 1200
डॉ. कौशिक सिल,"MBBS, एमएस, डी एन बी - न्यूरोसर्जरी",न्यूरोसर्जन,NA,NA,NA
Dr. KP Sharma,"MBBS, MS - General Surgery",Orthopedist,NA,NA,NA
Dr. Asghar Majeed,"MBBS, Diploma - Medical Radio Diagnosis",Radiologist,NA,NA,NA
डॉ. केपी शर्मा,Consultant,हड्डी का डॉक्टर,NA,NA,NA
Dr. Chiazor I Akusoba,Consultant,Gynaecologist,NA,NA,NA
डॉ. असगर माजेद,", डिप्लोमा - मेडिकल रेडियो निदान",रेडियोलोकेशन करनेवाला,NA,NA,NA
Dr. Naresh Damesha,"MBBS, MS - General Surgery, DNB",Neurosurgeon,NA,NA,NA
डॉ. Naresh Damesha,Consultant,न्यूरोसर्जन,NA,NA,NA
Dr. Mini G Abraham,Consultant,Pathologist,NA,NA,NA
Dr. Laura D Aspey,Consultant,Dermatologist,NA,NA,NA
Dr. Virginia T Allen,Consultant,Dermatologist,NA,NA,NA
Dr. James W Bown,Consultant,Gastroenterologist,NA,NA,NA
Dr. Patricia A Baile,Consultant,Pediatrician,NA,NA,NA
Dr. Cynthia Morris,Consultant,Pediatric Neurologist,NA,NA,NA
Dr. Shields B Abernathy,Consultant,Immunologist,NA,NA,NA
Dr. James R Bland,Consultant,Radiation Oncologist,NA,NA,NA
Dr. Bryan I Johnston,Consultant,Radiologist,NA,NA,NA
Dr. John D Aikin,Consultant,Pulmonologist,NA,NA,NA
Dr. Denise Bratcher,Consultant,Infectious Disease Specialist,NA,NA,NA
Dr. Koustav Mazumder,"MBBS, Diploma - Radiotherapy, MD - Radiation Oncology",Surgical Oncologist,NA,NA,NA
डॉ. कुदटव माजुमदार,"MBBS, डी एम आर टी, MD",स्त्री रोग विशेषज्ञ,NA,NA,NA
Dr. (Col) V K Gupta,"MBBS, MD - Medicine, DM - Gastroenterology",Gastroenterologist,NA,NA,NA
डॉ. (Col) V K Gupta,Consultant,जठरांत्र चिकित्सक,NA,NA,NA
Dr. Uday Kumar S B,"MBBS, MS - Orthopaedics, DNB - Orthopaedics",Orthopedist,NA,NA,₹ 600
डॉ. उदय कुमार एस बी,"MBBS, एमएस - ऑर्थो, डी एन बी - ऑर्थो",हड्डी का डॉक्टर,NA,NA,NA
Dr. Ilangovan Veerappan,"MBBS, MD - General Medicine, DM - Nephrology",Nephrologist,NA,NA,NA
Dr. Donald J Grunz,Consultant,Radiologist,NA,NA,NA
डॉ. इलंगोवन वीरप्पन,"MBBS, MD - General Medicine, DM - Nephrology",किडनी रोग विशेषज्ञ,NA,NA,NA
Dr. David C Bauman,Consultant,Geriatric Medicine Specialist,NA,NA,NA
Dr. Lily Lai,Consultant,General Surgeon,NA,NA,NA
Dr. Adele K Evans,Consultant,ENT Specialist,NA,NA,NA
Dr. Jeffrey C Benson,Consultant,Pediatric Pulmonologist,NA,NA,NA
Dr. Manish Maheshwari,"MBBS, Diploma - Orthopedics, DNB - Orthopedics",Joint Replacement Surgeon,NA,NA,NA
डॉ. मनीष महेश्वरी,"MBBS, ,",संयुक्त प्रतिस्थापन सर्जन,NA,NA,NA
Dr. Theresa D Allen,Consultant,Neonatologist,NA,NA,NA
Dr. Kumar Gauraw,"MBBS, MS - General Surgery, DNB - Urology",Urologist,NA,NA,NA
डॉ. Kumar Gauraw,Consultant,उरोलोजिस्त,NA,NA,NA
Dr. Brad R Baack,Consultant,Dermatologist,NA,NA,NA
Dr. Shashi Raj,Consultant,Pediatric Cardiologist,NA,NA,NA
Dr. Nicolle M Mahoney,Consultant,Gynaecologist,NA,NA,NA
Dr. Ernerio T Alboliras,Consultant,Pediatric Cardiologist,NA,NA,NA
Dr. Jacalyn S Finerty (Friedman),Consultant,Gynaecologist,NA,NA,NA
Dr. Vijaykumar Agrawal,Consultant,Radiologist,NA,NA,NA
Dr. Ina J Amber,Consultant,Infectious Disease Specialist,NA,NA,NA
Dr. Sterling W Simpson,Consultant,Pediatric Pulmonologist,NA,NA,NA
Dr. Sanh Angkhavong,Consultant,Psychiatrist,NA,NA,NA
Dr. Nikhil Sardar,"MBBS, Diploma - Ophthalmic Medicine and Surgery, DNB",Opthalmologist,NA,NA,NA
Dr. Jill L Boren,Consultant,Neonatologist,NA,NA,NA
डॉ. निखिल सरदार,"MBBS, DOMS, डीएनबी",नेत्र-विशेषज्ञ,NA,NA,NA
डॉ. निलेश सी तलवलकर,"MBBS, डी - अस्थि-रोग, डीएनबी",हड्डी का डॉक्टर,NA,NA,NA
Dr. Nilesh C Talwalkar,"MBBS, Diploma - Orthopaedics, DNB",Orthopedist,NA,NA,NA
Dr. Kimberly Applegate,Consultant,Radiologist,NA,NA,NA
Dr. Zoila Denno,Consultant,Pediatric Gastroenterologist,NA,NA,NA
डॉ. मोहन वीरेशैया,"MBBS, Diploma - Gynecology and Obstetrics , Fellowship",प्रसूतिशास्री,NA,NA,NA
Dr. Mohan Veereshaiah,"MBBS, Diploma - Gynecology and Obstetrics , Fellowship",Gynaecologist,NA,NA,₹ 1100
Dr. Kyle O Arneson,Consultant,Radiation Oncologist,NA,NA,NA
Dr. Roland E Engel,Consultant,Radiation Oncologist,NA,NA,NA
Dr. Glenda Albizu,Consultant,Internal Medicine Specialist,NA,NA,NA
Dr. Daniel J Appelrouth,Consultant,Rheumatologist,NA,NA,NA
Dr. Suresh L Abad,Consultant,Emergency Doctor,NA,NA,NA
डॉ. भाविनी शाह,Consultant,प्रसूतिशास्री,NA,NA,NA
Dr. Bhavini Shah,"MBBS, Diploma - Obstetrics and Gynaecology, DNB - Obstetrics and Gynaecology",Gynaecologist,NA,NA,NA
Dr. Jen-Cheng R Chen,Consultant,Cardiologist,NA,NA,NA
Dr. Mohammed Sadiq,"MBBS, MD - Ophthalmology",Opthalmologist,NA,NA,₹ 700
डॉ. मोहम्मद सादिक,Consultant,नेत्र-विशेषज्ञ,NA,NA,NA
Dr. John J Buckland,Consultant,Psychiatrist,NA,NA,NA
Dr. Ashok Kumar Kar,"MBBS, MD - Internal Medicine, DM - Cardiology",Cardiologist,NA,NA,NA
डॉ. अशोक कुमार कर,"MBBS, एमडी, डीएम",हृदय रोग विशेषज्ञ,NA,NA,NA
Dr. Mriganka Sekhar Sharma,"MBBS, MS - General Surgery, Fellowship - Bariatric and Upper GI Surgery",General Surgeon,NA,NA,₹ 1250
डॉ. मृगांका सेखर शर्मा,"MBBS, एमएस - जनरल सर्जरी, फैलोशिप - बैरिएट्रिक और ऊपरी सैनिक सर्जरी",सार्विक शल्य चिकित्सक,NA,NA,NA
Dr. Tudor Borza,Consultant,Urologist,NA,NA,NA
Dr. Hellen Bennett (Harley),Consultant,Gynaecologist,NA,NA,NA
Dr. M Adam Childs,Consultant,Urologist,NA,NA,NA
Dr. Kenneth M Brady,Consultant,Critical Care Specialist,NA,NA,NA
Dr. Marie Cavuoto Petrizzo (Cavuoto),Consultant,Immunologist,NA,NA,NA
Dr. Brian A Berelowitz,Consultant,Endocrinologist,NA,NA,NA
Dr. Miriam G Emerson,Consultant,Radiologist,NA,NA,NA
Dr. Sanjay Agarwal,"MBBS, MD - Internal Medicine, Fellowship - Haemato Oncology",Hemato Oncologist,NA,NA,NA
Dr. Zahid S Ahmad,Consultant,Endocrinologist,NA,NA,NA
डॉ. संजय अग्रवाल,"MBBS, एमडी - आंतरिक चिकित्सा, फैलोशिप - हेमेटो ऑन्कोलॉजी",हेमेटो ऑन्कोलॉजिस्ट,NA,NA,NA
Dr. Leah M Apalodimas,Consultant,Pediatrician,NA,NA,NA
Dr. Sanjay Dalmia,"MBBS, MS - General Surgery, Fellowship",General Surgeon,NA,NA,NA
Dr. Aniruddha Wargantiwar,"MBBS, MS - Orthopedics, Fellowship - Joint Reconstruction",Joint Replacement Surgeon,NA,NA,NA
डॉ. संजय डालमिया,"MBBS, एमएस, FRCS",सार्विक शल्य चिकित्सक,NA,NA,NA
डॉ. अनिरुद्धा वारगांतीवर,"MBBS, एमएस - ऑर्थोपेडिक्स, फैलोशिप - संयुक्त पुनर्निर्माण",संयुक्त प्रतिस्थापन सर्जन,NA,NA,NA
Dr. Rajat Ahluwalia,"MBBS, MS - General Surgery, Fellowship",Surgical Gastroenterologist,NA,NA,NA
डॉ. रजत अहलुवालिया,"MBBS, एमएस - जनरल सर्जरी, FIAGES",लैप्रोस्कोपिक सर्जन,NA,NA,NA
Dr. Srinivas Rao,"MBBS, MS - ENT",ENT Specialist,NA,NA,NA
डॉ. श्रीनिवास राव,"MBBS, MS - ENT",ईंट विशेषज्ञ,NA,NA,NA
डॉ. राजिब बसु,"MBBS, मच - अस्थि-रोग, FRCS",संयुक्त प्रतिस्थापन सर्जन,NA,NA,NA
Dr. Rajib Basu,"MBBS, MCh - Orthopedics, Fellowship",Joint Replacement Surgeon,NA,NA,₹ 1200
Dr. Chiranjiva Khandelwal,"MBBS, MS  – General Surgery, DNB - National Board of Examinations",Surgical Gastroenterologist,NA,"37 Years of Practice,",₹ 700
डॉ. चिरंजिवा खंडेलवाल,Consultant,सर्जिकल गैस्ट्रोएंटेरोलॉजिस्ट,NA,"37 साल का अनुभव,",NA
Dr. Camilo Alcoseba,Consultant,Radiation Oncologist,NA,NA,NA
Dr. Rajiba Lochan Nayak,"MBBS, MS - General Surgery, MCh - Urology",Andrologist,NA,NA,NA
डॉ. राजिब सरकार,"MBBS, एमएस - अस्थि-रोग",हड्डी का डॉक्टर,NA,NA,NA
डॉ. राजबा लोचन नायक,"MBBS, एमएस - जनरल सर्जरी, मच - मूत्रविज्ञान",वृक्क प्रत्यारोपण विशेषज्ञ,NA,NA,NA
Dr. Rajib Sarkar,"MBBS, MS - Orthopedics",Orthopedist,NA,NA,NA
Dr. Parzan Mistry,"MBBS, MS - Obstetrics and Gynaecology, DNB - Obstetrics and Gynaecology",Gynaecologist,NA,NA,NA
डॉ. Mohan Balaiah Aswathaiya,Consultant,उरोलोजिस्त,NA,NA,NA
डॉ. पार्सन मिस्त्री,Consultant,प्रसूतिशास्री,NA,NA,NA
Dr. Mohan Balaiah Aswathaiya,"MBBS, MS - General Surgery, DNB - Urology",Urologist,NA,NA,NA
डॉ. एम संध्या स्वरोपा,"MBBS, एमडी - पुल्मोनरी मेडिसिन",फुफ्फुसीय रोग विशेषज्ञ,NA,NA,NA
Dr. Svetlana Meier,Consultant,Rheumatologist,NA,NA,NA
Dr. M Sandhya Swaroopa,"MBBS, MD - Pulmonary Medicine",Pulmonologist,NA,NA,NA
Dr. Lisa E Arbesfeld,Consultant,Dermatologist,NA,NA,NA
Dr. Russell D Bradford,Consultant,Infectious Disease Specialist,NA,NA,NA
Dr. Gopal K Bedi,Consultant,Psychiatrist,NA,NA,NA
Dr. Madhav Kamat,"MBBS, MS - General Surgery, Fellowship",Urologist,NA,NA,₹ 4000
डॉ. माधव कामत,Consultant,उरोलोजिस्त,NA,NA,NA
Dr. Rajni Gupta,"MBBS, Diploma - Medical Radiation Therapy, DNB",Oncologist,NA,NA,NA
डॉ. रजनी गुप्ता,"MBBS, डी एम आर टी, डीएनबी",ऑन्कोलॉजिस्ट,NA,NA,NA
Dr. Ajanta Chakravarty,"MBBS, Fellowship, MS - Ophthalmology",Opthalmologist,NA,"30 Years of Practice,",₹ 900
डॉ. अजंता चक्रवर्ती,"MBBS, फैलोशिप, एमएस - नेत्र विज्ञान",नेत्र-विशेषज्ञ,NA,"30 साल का अनुभव,",NA
Dr. Michael Chang,Consultant,Radiation Oncologist,NA,NA,NA
Dr. Laura K Altom,Consultant,Surgical Oncologist,NA,NA,NA
Dr. Ashley Boyd (Hill),Consultant,Pediatrician,NA,NA,NA
Dr. Gal Finer,Consultant,Pediatric Nephrologist,NA,NA,NA
Dr. Hareendra P Kulasinghe,Consultant,Infectious Disease Specialist,NA,NA,NA
Dr. Chike C Anusionwu,Consultant,Gastroenterologist,NA,NA,NA
Dr. Christopher G Anderson,Consultant,Orthopedist,NA,NA,NA
Dr. Adam J Brown,Consultant,Psychiatrist,NA,NA,NA
Dr. Janaki Vellanki,"MBBS, MD - Internal Medicine, Diploma - Obstetrics and Gynecology",Gynaecologist,NA,NA,NA
डॉ. जनकी वेलंकी,"MBBS, एमडी, डी",प्रसूतिशास्री,NA,NA,NA
Dr. Jessica Berliner,Consultant,Radiologist,NA,NA,NA
Dr. Nadine Aboul-Magd,Consultant,Nephrologist,NA,NA,NA
Dr. Walter C Allan,Consultant,Pediatric Neurologist,NA,NA,NA
Dr. Kelly L Abbrescia,Consultant,Emergency Doctor,NA,NA,NA
Dr. Sandeep Devarapalli,Consultant,Neurologist,NA,NA,NA
Dr. Angela M Arlen,Consultant,Urologist,NA,NA,NA
NA,Consultant,NA,NA,NA,NA
Dr. David C Griffith,Consultant,Infectious Disease Specialist,NA,NA,NA
Dr. Francisco Colon,Consultant,Gastroenterologist,NA,NA,NA
Dr. Anbezhil Subbarayan,"MBBS, MD - Paediatrics, Fellowship",Pediatric Endocrinologist,NA,NA,NA
डॉ. अंबेज़िल सुब्बारायन,"MBBS, एमडी - बाल चिकित्सा, FRCPCH",बाल चिकित्सा एंडोक्रिनोलॉजिस्ट,NA,NA,NA
Dr. Raj Kumar N,"MBBS, MD - General Medicine, DM - Cardiology",Cardiologist,NA,NA,NA
डॉ. राज कुमार एन,"MBBS, एमडी - जनरल मेडिसिन, डीएम - कार्डियोलोजी",हृदय रोग विशेषज्ञ,NA,NA,NA
Dr. Manju Aggarwal,"MBBS, MS - Obstetrics and Gynecology, DGO",Gynaecologist,NA,NA,NA
डॉ. मंजू अग्रवाल,"MBBS, MS",प्रसूतिशास्री,NA,NA,NA
Dr. Sanjay Desai,"MBBS, MS - General Surgery, MCh - Surgical Oncology",Hemato Oncologist,NA,NA,NA
Dr. Ashraf H Abourahma,Consultant,Cardiologist,NA,NA,NA
डॉ. संजय देसाई,"MBBS, एमएस - जनरल सर्जरी, एमसीएच - सर्जिकल ऑन्कोलॉजी",स्त्री रोग विशेषज्ञ,NA,NA,NA
Dr. Shantanu Panja,"MBBS, MS - ENT, Fellowship - Head, Neck & Skull Base Surgery",ENT Specialist,NA,NA,NA
डॉ. शांतिनु पंजा,"MBBS, एमएस, फैलोशिप (सिर, गर्दन और खोपड़ी बेस सर्जरी)",ईंट विशेषज्ञ,NA,NA,NA
Dr. Akram G Abdoue,Consultant,Critical Care Specialist,NA,NA,NA
Dr. Mark Bevill,Consultant,Urologist,NA,NA,NA
Dr. Dina Abell,Consultant,Psychiatrist,NA,NA,NA
Dr. Lauren M Becker,Consultant,Internal Medicine Specialist,NA,NA,NA
Dr. Firas S Abdul,Consultant,Critical Care Specialist,NA,NA,NA
Dr. Ilene H Alt,Consultant,Gynaecologist,NA,NA,NA
Dr. Lewis Reisman,Consultant,Pediatric Nephrologist,NA,NA,NA
Dr. Brian S Berk,Consultant,Gastroenterologist,NA,NA,NA
Dr. Richard L Amendola,Consultant,Internal Medicine Specialist,NA,NA,NA
Dr. David B Beck,Consultant,Genetic Medicine Specialist,NA,NA,NA
Dr. Anita Chacko,Consultant,Infectious Disease Specialist,NA,NA,NA
Dr. Michael B Andrews,Consultant,Oncologist,NA,NA,NA
Dr. Wissam I El Atrouni,Consultant,Infectious Disease Specialist,NA,NA,NA
Dr. Jacquelyn E Grev,Consultant,Neonatologist,NA,NA,NA
Dr. Gabriel Abella,Consultant,Physiatrist,NA,NA,NA
Dr. Matthew W Buelow,Consultant,Pediatric Cardiologist,NA,NA,NA
Dr. Pui Y Lee,Consultant,Pediatric Rheumatologist,NA,NA,NA
Dr. David A Barr,Consultant,Internal Medicine Specialist,NA,NA,NA
Dr. Timothy Adams,Consultant,Internal Medicine Specialist,NA,NA,NA
Dr. Sanjeev S Mukherjee,"MBBS, MD - General Medicine, DM - Cardiology",Cardiac Surgeon,NA,NA,₹ 1000
डॉ. Sanjeev S Mukherjee,Consultant,हृदय रोग विशेषज्ञ,NA,NA,NA
डॉ. अमित वर्मा,"MBBS, एमडी",त्वचा विशेषज्ञ,NA,NA,NA
Dr. Amit Varma,"MBBS, MD",Dermatologist,NA,NA,NA
डॉ. हेमा रथ,"MBBS, एमडी, डीएम",हृदय रोग विशेषज्ञ,NA,NA,NA
Dr. Hema Rath,"MBBS, MD - Internal Medicine, DM - Cardiology",Cardiac Surgeon,NA,NA,₹ 1300
Dr. Sanjeev Choudari,"MBBS, MD - Radiology",Radiologist,NA,NA,NA
डॉ. संजीव चौधरी,"MBBS, MD - Radiology",रेडियोलोकेशन करनेवाला,NA,NA,NA
Dr. Krishnachaitanya,"MBBS, MS - Orthopaedics , Fellowship- Spine Surgery",Spine Surgeon,NA,NA,NA
डॉ. कृष्णचैत्या,Consultant,स्पाइन सर्जन,NA,NA,NA
Dr. Ravi Shankar,"MBBS, MS - ENT",ENT Specialist,NA,NA,NA
डॉ. नरेश सोमानी,Consultant,ऑन्कोलॉजिस्ट,NA,NA,NA
डॉ. रवि शंकर,"MBBS, एमएस - ईएनटी",ईंट विशेषज्ञ,NA,NA,NA
Dr. Nevein F Ibrahim,Consultant,Nuclear Medicine Specialist,NA,NA,NA
Dr. Sarat Chandra Pingali,"MBBS, MS - General Surgery , MCh - Surgical Oncology",Surgical Oncologist,NA,"17 Years of Practice,",₹ 450
Dr. Naresh Somani,"MBBS, MD, DM - Medical Oncology",Oncologist,NA,NA,₹ 810
डॉ. शरत चंद्र पिंगली,"MBBS, एमएस - जनरल सर्जरी, एमसीएच - सर्जिकल ऑन्कोलॉजी",स्त्री रोग विशेषज्ञ,NA,"17 साल का अनुभव,",NA
Dr. K Sasidhar Reddy,"MBBS, Diploma - Orthopedics, DNB - Orthopedics",Joint Replacement Surgeon,NA,NA,₹ 150
Dr. Paige Albi,Consultant,Internal Medicine Specialist,NA,NA,NA
Dr. Ammar Alzoubi,Consultant,Oncologist,NA,NA,NA
डॉ. के ससिधर रेड्डी,", डिप्लोमा - ऑर्थोपेडिक्स, डीएनबी - ऑर्थोपेडिक्स",संयुक्त प्रतिस्थापन सर्जन,NA,NA,NA
Dr. Marie Ambroise Thigpen,Consultant,Neonatologist,NA,NA,NA
Dr. Thomas J Dibartholomeo,Consultant,Radiologist,NA,NA,NA
Dr. Michael E Almasi,Consultant,Critical Care Specialist,NA,NA,NA
Dr. Ratan K Banik,Consultant,Critical Care Specialist,NA,NA,NA
Dr. Rebecca L Arth (Tenholder),Consultant,Gynaecologist,NA,NA,NA
Dr. Joshua J Sonkiss,Consultant,Psychiatrist,NA,NA,NA
Dr. Donald E Banicki,Consultant,Nuclear Medicine Specialist,NA,NA,NA
Dr. Justin T Allen,Consultant,Orthopedist,NA,NA,NA
Dr. Duane O Campbell,Consultant,Neurosurgeon,NA,NA,NA
Dr. Christopher Almond,Consultant,Pediatric Cardiologist,NA,NA,NA
Dr. Niren Rao,"MBBS, MS - General Surgery, MCh",Urologist,NA,"19 Years of Practice,",NA
डॉ. नीरन राव,"MBBS, एमएस - जनरल सर्जरी, मच",वृक्क प्रत्यारोपण विशेषज्ञ,NA,"19 साल का अनुभव,",NA
Dr. Nila M Novotny,Consultant,ENT Specialist,NA,NA,NA
Dr. Bhavesh Vora,"MBBS, MD - General Medicine, DNB - Nephrology",Internal Medicine Specialist,NA,NA,₹ 4000
डॉ. भावेश वोरा,"MBBS, एमडी, डी एन बी - नेफ्रोलोजी",आंतरिक चिकित्सा विशेषज्ञ,NA,NA,NA
Dr. Barbara J Bell,Consultant,Pediatrician,NA,NA,NA
Dr. Badshah S Khan,"MBBS, MD, Diploma - Child Health",Pediatrician,NA,NA,₹ 900
डॉ. बादशाह एस खान,"MBBS, एमडी, DCH",बच्चों का चिकित्सक,NA,NA,NA
Dr. Vandana Shetty,MBBS,Gynaecologist,NA,NA,₹ 1300
डॉ. वंदना शेट्टी,MBBS,प्रसूतिशास्री,NA,NA,NA
Dr. Carol K Fosso (Fosso),Consultant,Immunologist,NA,NA,NA
Dr. Allison S Bryant Mantha,Consultant,Gynaecologist,NA,NA,NA
Dr. David P Blake,Consultant,Cardiac Surgeon,NA,NA,NA
Dr. Michael R Foley,Consultant,Gynaecologist,NA,NA,NA
Dr. Nihal E Abdulla,Consultant,Oncologist,NA,NA,NA
Dr. Dorit E Ben-Ezer,Consultant,Pediatric Nephrologist,NA,NA,NA
Dr. Bhavya Akhauri,Consultant,Gastroenterologist,NA,NA,NA
Dr. Jeanne M Boudreaux,Consultant,Pediatric Oncologist,NA,NA,NA
Dr. Kaleem Ahmad,Consultant,Oncologist,NA,NA,NA
Dr. Christopher G Acker,Consultant,Nephrologist,NA,NA,NA
Dr. Stephanie N Acord,Consultant,Pediatric Neurologist,NA,NA,NA
Dr. Joseph M Mullaney,Consultant,Radiologist,NA,NA,NA
Dr. Abubakr O Adam,Consultant,Internal Medicine Specialist,NA,NA,NA
Dr. Sandeep S Sindhu,"MBBS, MS - ENT",ENT Specialist,NA,NA,₹ 1200
डॉ. समीर बागादिया,Consultant,उरोलोजिस्त,NA,NA,NA
Dr. Reshma Ramchandra Rao,"MBBS, DGO, MD - Obstetrics and Gynecology",Gynaecologist,NA,NA,NA
डॉ. संदीप एस सिंधु,"MBBS, एमएस - ईएनटी",ईंट विशेषज्ञ,NA,NA,NA
Dr. Samir Bagadia,"MBBS, MS - General Surgery , DNB - Urology/Genito",Urologist,NA,NA,₹ 1000
डॉ. रेशमा रामचंद्र राव,"MBBS, डी जी ओ, एमडी - प्रसूति एवं स्त्री रोग",प्रसूतिशास्री,NA,NA,NA
डॉ. सनिश श्रीकांत श्रिंगरपुर,"MBBS, MS - General Surgery , DNB - Urology",उरोलोजिस्त,NA,"20 साल का अनुभव,",NA
डॉ. सचिन सुरेश,"MBBS, एमएस - ईएनटी",ईंट विशेषज्ञ,NA,NA,NA
Dr. Sachin Suresh,"MBBS, MS - ENT",ENT Specialist,NA,NA,NA
Dr. Sanish Shrikant Shringarpure,"MBBS, MS - General Surgery , DNB -Urology",Andrologist,NA,"20 Years of Practice,",NA
डॉ. Nayanesh Chavan,Consultant,किडनी रोग विशेषज्ञ,NA,NA,NA
Dr. Nayanesh Chavan,"MBBS, MD",Nephrologist,NA,NA,₹ 600
Dr. Sameer Sharma,"MBBS, MS - General Surgery, MCh - CTVS",Cardiac Surgeon,NA,NA,NA
डॉ. समीर शर्मा,"MBBS, एमएस - जनरल सर्जरी, मच - CTVS",हृदय शल्य चिकित्सक,NA,NA,NA
Dr. Shruti Arya,"MBBS, MD - Internal Medicine",Internal Medicine Specialist,NA,NA,₹ 800
डॉ. श्रुति आर्य,Consultant,आंतरिक चिकित्सा विशेषज्ञ,NA,NA,NA
Dr. John R Beahrs,Consultant,Urologist,NA,NA,NA
Dr. Shalini Thakur,"MBBS, Fellowship - Oral Oncosurgery",Oncologist,NA,NA,NA
डॉ. शालिनी ठाकुर,Consultant,सर्जिकल ऑन्कोलॉजिस्ट,NA,NA,NA
Dr. Rachel E Harrison,Consultant,Cardiac Surgeon,NA,NA,NA
Dr. Kathleen C Davis,Consultant,Immunologist,NA,NA,NA
Dr. Lance M Blaisdell,Consultant,Critical Care Specialist,NA,NA,NA
Dr. Manthodi Faisal,Consultant,Nephrologist,NA,NA,NA
Dr. Ahmed A Abdelaziz,Consultant,Gynaecologist,NA,NA,NA
Dr. Ellen R Wald,Consultant,Infectious Disease Specialist,NA,NA,NA
Dr. Shashi Kumar H K,"MBBS, MS - Orthopedics",Orthopedist,NA,NA,₹ 500
Dr. Gary Frishman,Consultant,Gynaecologist,NA,NA,NA
Dr. Osaid K Ahmad,Consultant,Nephrologist,NA,NA,NA
Dr. Shashikant Apte,"MBBS, MD - General Medicine, Fellowship",Oncologist,NA,NA,NA
Dr. Susan M Kim,Consultant,Pediatric Rheumatologist,NA,NA,NA
डॉ. शशिकांत आप्टे,Consultant,हेमेटोलॉजिस्ट,NA,NA,NA
Dr. Michael E Msall,Consultant,Pediatrician,NA,NA,NA
Dr. Shirish Pathak,"MBBS, MS - Orthopedics, DNB - Orthopedics",Orthopedist,NA,NA,NA
डॉ. शिरिश पाठक,"MBBS, एमएस - अस्थि-रोग, डी एन बी - अस्थि-रोग",हड्डी का डॉक्टर,NA,NA,NA
डॉ. शशि कुमार एच के,"MBBS, एमएस - अस्थि-रोग",हड्डी का डॉक्टर,NA,NA,NA
डॉ. बीएम मक्कर,Consultant,आंतरिक चिकित्सा विशेषज्ञ,NA,NA,NA
Dr. BM Makkar,"MBBS, MD - Internal Medicine, Fellowship",Internal Medicine Specialist,NA,NA,NA
Dr. Shyamsunder Lakshkar,"MBBS, MD, DM",Neurologist,NA,NA,NA
डॉ. श्यामसंदर लक्षकर,Consultant,न्यूरोलॉजिस्ट,NA,NA,NA
Dr. Richa,"MBBS, Diploma - Ophthalmic Medicine and Surgery , DNB - Opthalmology",Opthalmologist,NA,NA,₹ 450
डॉ. Richa,Consultant,नेत्र-विशेषज्ञ,NA,NA,NA
Dr. Julie T Adams,Consultant,Gynaecologist,NA,NA,NA
Dr. Snehal Jhaveri,"MBBS, Diploma - Child Health, Fellowship - Pediatrics",Pediatrician,NA,NA,NA
डॉ. स्नेहल झावेरी,"MBBS, DCH, FCPS - बाल रोग",बच्चों का चिकित्सक,NA,NA,NA
Dr. Peter G Deveaux,Consultant,Surgical Oncologist,NA,NA,NA
Dr. Elizabeth A Harden,Consultant,Hematologist,NA,NA,NA
Dr. James R Auman,Consultant,Urologist,NA,NA,NA
Dr. Rupinder K Gill,Consultant,Pediatric Gastroenterologist,NA,NA,NA
Dr. Christopher M Ahrens,Consultant,Critical Care Specialist,NA,NA,NA
Dr. Adebimpe O Adewusi,Consultant,Pediatrician,NA,NA,NA
Dr. Basil M Fathalla,Consultant,Pediatric Rheumatologist,NA,NA,NA
Dr. Jennifer M Byers,Consultant,Psychiatrist,NA,NA,NA
Dr. Oliver A Agustin,Consultant,Internal Medicine Specialist,NA,NA,NA
Dr. Diana S Balekian,Consultant,Immunologist,NA,NA,NA
Dr. Janet R Deegan,Consultant,Internal Medicine Specialist,NA,NA,NA
Dr. Mosaab Mohameden,Consultant,Rheumatologist,NA,NA,NA
Dr. Lynn M Gilles,Consultant,Nuclear Medicine Specialist,NA,NA,NA
Dr. Marly Bradley (Pierre-Jerome),Consultant,Pediatrician,NA,NA,NA
Dr. Gerard J Haines,Consultant,Orthopedist,NA,NA,NA
Dr. Ridu Kumar,"MBBS, MD - Radiation Oncology, DM - Medical Oncology",Surgical Oncologist,NA,NA,NA
डॉ. रिडू कुमार,Consultant,स्त्री रोग विशेषज्ञ,NA,NA,NA
Dr. MD Basheer Inamdar,"MBBS, MS - General Surgery, Mch - Surgical Oncology",Oncologist,NA,NA,₹ 1090
डॉ. एमडी बशीर इनामदार,Consultant,सर्जिकल ऑन्कोलॉजिस्ट,NA,NA,NA
Dr. Sree Charan,"MBBS, DNB, MCh",Plastic Surgeon,NA,NA,NA
डॉ. श्री चरण,"MBBS, DNB, MCh",प्लास्टिक शल्यचिकित्सक,NA,NA,NA
Dr. SR Khandeparkar,"MBBS, MS",Orthopedist,NA,NA,NA
डॉ. एसआर खंडपार्कर,"MBBS,",हड्डी का डॉक्टर,NA,NA,NA
Dr. Shashidhar,"MBBS, MD",Critical Care Specialist,NA,NA,NA
डॉ. शशिधन,Consultant,महत्वपूर्ण देखभाल विशेषज्ञ,NA,NA,NA
Dr. Tejaswini,"MBBS, MS - Obstetrics and Gynecology",Gynaecologist,NA,NA,₹ 500
डॉ. तेजस्विनी,"MBBS, एमएस (प्रसूति एवं स्त्री रोग)",प्रसूतिशास्री,NA,NA,NA
Dr. Sangeshwaran,"MBBS, MD",Internal Medicine Specialist,NA,NA,₹ 750
डॉ. सांगेश्वरन,Consultant,आंतरिक चिकित्सा विशेषज्ञ,NA,NA,NA
Dr. Sorabh Kapoor,"MBBS, MS - General Surgery, MCh - Surgical Gastroenterology",Surgical Gastroenterologist,NA,NA,NA
डॉ. कन्हैया मित्तल,Consultant,नेत्र-विशेषज्ञ,NA,NA,NA
डॉ. सोराभ कपूर,"MBBS, एमएस - जनरल सर्जरी, मच - सर्जिकल गैस्ट्रोएंटरोलॉजी",लिवर ट्रांसप्लांट विशेषज्ञ,NA,NA,NA
Dr. Kanhaiya Mittal,"MBBS,  MS - Ophthalmology, DO - Ophthalmology",Opthalmologist,NA,NA,NA
Dr. Chandra Veer Singh,"MBBS, MS - ENT",ENT Specialist,NA,NA,₹ 1000
Dr. Suzanne N Abbasi,Consultant,Internal Medicine Specialist,NA,NA,NA
डॉ. चंद्र वीर सिंह,Consultant,ईंट विशेषज्ञ,NA,NA,NA
Dr. Rupa Pandra,"MBBS, Diploma - Obstetrics and Gynecology, Fellowship - Minimal Access Surgery",Gynaecologist,NA,NA,₹ 700
डॉ. Rupa Pandra,Consultant,प्रसूतिशास्री,NA,NA,NA
Dr. Elizabeth M Colwell,Consultant,Cardiac Surgeon,NA,NA,NA
Dr. Bogna I Targonska,Consultant,Radiologist,NA,NA,NA
Dr. Kris D Bhat,Consultant,Immunologist,NA,NA,NA
Dr. Jasmine Dhindsa,Consultant,Infectious Disease Specialist,NA,NA,NA
Dr. William G Anderson,Consultant,Dermatologist,NA,NA,NA
Dr. Kevin D Benson,Consultant,Gynaecologist,NA,NA,NA
Dr. Joyce E Hubbard,Consultant,Pediatric Cardiologist,NA,NA,NA
Dr. Ravi Kiran CS,"MBBS, MS - General Surgery, MCh - Pediatric Surgery",Pediatric Surgeon,NA,NA,₹ 850
डॉ. रवि किरण सीएस,"MBBS, एमएस - जनरल सर्जरी, मच - बाल चिकित्सा सर्जरी",बाल चिकित्सा सर्जन,NA,NA,NA
Dr. Sanjib Kumar Pandey,"MBBS, MD, Fellowship",Cardiologist,NA,NA,NA
डॉ. संजीब कुमार पांडे,"MBBS, एमडी, फैलोशिप",हृदय रोग विशेषज्ञ,NA,NA,NA
Dr. Hatem M Hossino,Consultant,Vascular Surgeon,NA,NA,NA
Dr. Noveen Davidson,"MBBS, MS - General Surgery, MCh - CTVS",Pediatric Cardiac Surgeon,NA,NA,₹ 900
Dr. Joseph G Maliakkal,Consultant,Pediatric Nephrologist,NA,NA,NA
डॉ. नोवेन डेविडसन,"MBBS, एमएस, मच - CTVS",बाल चिकित्सा कार्डियक सर्जन,NA,NA,NA
Dr. Pascal,"MBBS, Diploma - Medical Radio Diagnosis",Radiologist,NA,NA,NA
डॉ. पास्कल,"MBBS, डिप्लोमा - मेडिकल रेडियो निदान",रेडियोलोकेशन करनेवाला,NA,NA,NA
डॉ. ललित मिश्रा,Consultant,फुफ्फुसीय रोग विशेषज्ञ,NA,NA,NA
Dr. Lalit Mishra,"MBBS, MD - Respiratory Medicine, Fellowship",Pulmonologist,NA,NA,NA
डॉ. एस रामलिंगम,Consultant,रेडियोलोकेशन करनेवाला,NA,NA,NA
Dr. Abakar baher Abdalagani,Consultant,Nephrologist,NA,NA,NA
Dr. S Ramalingam,"MBBS, MD - Radiology",Radiologist,NA,NA,NA
डॉ. सुनील त्यागी,"BPTH, MPT",फ़िज़ियोथेरेपिस्ट,NA,NA,NA
Dr. Sunil Tyagi,"BPT, MPT",Physiotherapist,NA,NA,NA
Dr. Sunil Furtado,"MBBS, MS - General Surgery, MCh - Neurosurgery",Neurosurgeon,NA,NA,₹ 900
डॉ. मिलिंद शेट्टी,Consultant,ऑन्कोलॉजिस्ट,NA,NA,NA
डॉ. सुनील फर्टाडो,Consultant,न्यूरोसर्जन,NA,NA,NA
Dr. Subhasish Roy Chowdhury,"MBBS, MD - Internal Medicine, DM - Cardiology",Cardiac Surgeon,NA,NA,NA
Dr. Milind Shetti,"MBBS, MD - Radiotherapy",Oncologist,NA,NA,NA
डॉ. सुभाषिश रॉय चौधरी,"MBBS, एमडी (मेड), डीएम (कार्ड)",हृदय रोग विशेषज्ञ,NA,NA,NA
Dr. Kevin J Roche,Consultant,Radiologist,NA,NA,NA
Dr. Ariel Bailey,Consultant,Radiologist,NA,NA,NA
Dr. Sydnie M Carraher,Consultant,Pediatrician,NA,NA,NA
Dr. Todd M Hoffman,Consultant,Radiologist,NA,NA,NA
Dr. Susan B Boutilier,Consultant,Pediatric Neurologist,NA,NA,NA
Dr. Zachary J Berrens,Consultant,Pediatrician,NA,NA,NA
Dr. Edward J Bastyr,Consultant,Endocrinologist,NA,NA,NA
Dr. Eric L Abraham,Consultant,Critical Care Specialist,NA,NA,NA
Dr. Sthiti Das,"MBBS, MD - Radiation Oncology, Fellowship - Received High Precision Radiotherapy",Surgical Oncologist,NA,NA,₹ 700
Dr. Sibby S Duff,Consultant,Neonatologist,NA,NA,NA
डॉ. स्टेटी दास,Consultant,स्त्री रोग विशेषज्ञ,NA,NA,NA
Dr. Sunil Kumar Singh,"MBBS, MD - General Medicine, DNB - General Medicine",Rheumatologist,NA,NA,₹ 2000
डॉ. सुनील कुमार सिंह,"MBBS, एमडी - जनरल मेडिसिन, डी एन बी - जनरल मेडिसिन",ह्रुमेटोलॉजिस्ट,NA,NA,NA
Dr. Seema S Aceves (Sharma),Consultant,Immunologist,NA,NA,NA
Dr. Sunil B. Das Chakraborty,"MBBS, MD, DM - Gastroenterology",Gastroenterologist,NA,NA,NA
डॉ. सुनील बी दास चक्रवर्ती,"MBBS, एमडी, डीएम (गैस्ट्रो)",जठरांत्र चिकित्सक,NA,NA,NA
Dr. Sridhar Papaiah Susheela,"MBBS, MD - Radiotherapy, DNB - Radiotherapy",Oncologist,NA,NA,₹ 1870
डॉ. श्रीधर पापैया सुशीला,"MBBS, एमडी - रेडियोथेरेपी, डी एन बी - रेडियोथेरेपी",ऑन्कोलॉजिस्ट,NA,NA,NA
Dr. MD Rehan Qureshi,"MBBS, MS -  General Surgery, MCh",Plastic Surgeon,NA,NA,NA
Dr. Surendar Singh Bava,"MBBS, MS",Orthopedist,NA,NA,NA
डॉ. एमडी रेहान कुरैशी,", ,",प्लास्टिक शल्यचिकित्सक,NA,NA,NA
डॉ. सुरेंद्र सिंह बवा,"MBBS, सुश्री",हड्डी का डॉक्टर,NA,NA,NA
Dr. Lata P N,"MBBS, DIH, FMF",Fetal Medicine Specialist,NA,NA,NA
डॉ. लता पी एन,"MBBS, DIH, ऍफ़एमऍफ़",भ्रूण चिकित्सा विशेषज्ञ,NA,NA,NA
Dr. Suraj Baghel,"MBBS, MS, MCh",Joint Replacement Surgeon,NA,NA,NA
डॉ. सूरज बघेल,"MBBS, एमएस, मच",संयुक्त प्रतिस्थापन सर्जन,NA,NA,NA
Dr. Stephen H Carson,Consultant,Pediatric Pulmonologist,NA,NA,NA
Dr. Veronica P Carullo,Consultant,Critical Care Specialist,NA,NA,NA
Dr. Stephanie Aaron,Consultant,Emergency Doctor,NA,NA,NA
Dr. Lyle W Baker,Consultant,Nephrologist,NA,NA,NA
Dr. Thomas G Armbuster,Consultant,Radiologist,NA,NA,NA
Dr. Dennis J Ahnen,Consultant,Gastroenterologist,NA,NA,NA
Dr. Mutahar Ahmed,Consultant,Urologist,NA,NA,NA
Dr. Angela L Brady,Consultant,Radiation Oncologist,NA,NA,NA
Dr. Mark T Schroeder,Consultant,Hematologist,NA,NA,NA
Dr. Suraj Kodak,"MBBS, MD",Internal Medicine Specialist,NA,NA,NA
डॉ. मनीष महाजन,Consultant,न्यूरोलॉजिस्ट,NA,NA,NA
Dr. Lilian M Abbo,Consultant,Infectious Disease Specialist,NA,NA,NA
डॉ. सूरज कोडक,Consultant,आंतरिक चिकित्सा विशेषज्ञ,NA,NA,NA
Dr. Matejka Cernelc-Kohan,Consultant,Pediatric Pulmonologist,NA,NA,NA
Dr. Manish Mahajan,Consultant,Neurologist,NA,NA,NA
डॉ. रश्मि धारास्कर,"MBBS, डी जी ओ, डीएनबी - प्रसूति एवं स्त्री रोग",प्रसूतिशास्री,NA,NA,NA
Dr. Talha Meeran,"MBBS, MD - Cardiology",Cardiac Surgeon,NA,NA,₹ 1500
Dr. Rashmi Dharaskar,"MBBS, Diploma - Obstetrics and Gynecology, DNB - Obstetrics and Gynecology",Gynaecologist,NA,NA,NA
डॉ. तल्हा मेरन,Consultant,हृदय शल्य चिकित्सक,NA,NA,NA
Dr. Tapas Chakraburtty,"MBBS, MS - Orthopedics, Diploma - Orthopedics",Spine Surgeon,NA,NA,NA
डॉ. तपस चक्रवर्ती,"MBBS, MS - Orthopedics, Diploma - Orthopedics",हड्डी का डॉक्टर,NA,NA,NA
Dr. Tejus MN Rao,"MBBS, DNB - General Surgery, MCh - Neurosurgery",Neurosurgeon,NA,NA,₹ 850
डॉ. तेजस एमएन राव,"MBBS, डीएनबी - जनरल सर्जरी, एमसीएच - न्यूरोसर्जरी",न्यूरोसर्जन,NA,NA,NA
Dr. Jaydeep Tank,"MBBS, MD, DGO",IVF Specialist,NA,"24 Years of Practice,",NA
डॉ. जयदीप टैंक,"MBBS, एमडी, डी जी ओ",आईवीएफ विशेषज्ञ,NA,"24 साल का अनुभव,",NA
Dr. Sandeep Kulkarni,"MBBS, MD - Internal Medicine, DNB - Gastroenterology",Gastroenterologist,NA,NA,NA
डॉ. संदीप कुलकर्णी,"MBBS, एमडी - आंतरिक दवाई, डी एन बी - गैस्ट्रोएंटरोलॉजी",जठरांत्र चिकित्सक,NA,NA,NA
Dr. Deborah J Bessinger,Consultant,Internal Medicine Specialist,NA,NA,NA
Dr. Keith L Blauer,Consultant,Gynaecologist,NA,NA,NA
Dr. Laura E Bauman (Lascurain),Consultant,Pediatric Gastroenterologist,NA,NA,NA
Dr. Kamal Kumar Jain,"MBBS, MD - Internal Medicine, DM - Neurology",Neurologist,NA,NA,NA
डॉ. कमल कुमार जैन,"MBBS, , डीएम - न्यूरोलॉजी",न्यूरोलॉजिस्ट,NA,NA,NA
Dr. Brian K Adams,Consultant,Emergency Doctor,NA,NA,NA
Dr. Peter M Falk,Consultant,Surgical Oncologist,NA,NA,NA
Dr. T Vishal,"MBBS, MD -  Internal Medicine, DM",Surgical Oncologist,NA,NA,NA
डॉ. टी विशाल,"MBBS, MD -  Internal Medicine, DM",स्त्री रोग विशेषज्ञ,NA,NA,NA
Dr. Abhay Somani,"MBBS, MD - Medicine, DNB - General Medicine",Cardiac Electrophysiologist,NA,NA,NA
डॉ. अभय सोमनी,"MBBS, MD - Medicine  Cardiologist, DNB - General Medicine",हृदय इलेक्ट्रोफिजियोलॉजिस्ट,NA,NA,NA
डॉ. श्यामोली देसाई,Consultant,मनोविज्ञानी,NA,NA,NA
Dr. Shyamolie Desai,MA - Clinical Psychology,Psychologist,NA,NA,NA
Dr. Srividya S,"MBBS, DNB - Internal Medicine",Internal Medicine Specialist,NA,NA,₹ 950
डॉ. श्रीविड्या एस,"एमबीबीएस, डी एन बी - आंतरिक दवाई",आंतरिक चिकित्सा विशेषज्ञ,NA,NA,NA
Dr. Johanna C Chang,Consultant,Pediatric Rheumatologist,NA,NA,NA
डॉ. अल्बर्ट जोन्स,"MBBS, MD - Internal Medicine, Diploma - Child Health",बच्चों का चिकित्सक,NA,NA,NA
Dr. Albert Jones,"MBBS, MD - Internal Medicine, Diploma - Child Health",Pediatrician,NA,NA,NA
Dr. Joanna E Adamczak,Consultant,Gynaecologist,NA,NA,NA
Dr. Hrissanthi Ikonomidou,Consultant,Pediatric Neurologist,NA,NA,NA
Dr. Frank P Ittleman,Consultant,Cardiac Surgeon,NA,NA,NA
Dr. Iqbal Ahmed,Consultant,Gastroenterologist,NA,NA,NA
Dr. Gregory P Selasky,Consultant,Orthopedist,NA,NA,NA
Dr. Jeffrey G Neal,Consultant,ENT Specialist,NA,NA,NA
Dr. Kent G Benner,Consultant,Gastroenterologist,NA,NA,NA
Dr. Cristi L Aitelli,Consultant,Oncologist,NA,NA,NA
Dr. Mark D Tyson,Consultant,Urologist,NA,NA,NA
Dr. Teresa A Gorder (Parry),Consultant,Neonatologist,NA,NA,NA
Dr. Ulf H Beier,Consultant,Pediatric Nephrologist,NA,NA,NA
Dr. David P Parks,Consultant,Pediatric Pulmonologist,NA,NA,NA
Dr. Kevan Akrami,Consultant,Infectious Disease Specialist,NA,NA,NA
Dr. Masroor Ahmed,Consultant,Critical Care Specialist,NA,NA,NA
Dr. Samuel E Aikele,Consultant,Critical Care Specialist,NA,NA,NA
Dr. Helen L Bernie,Consultant,Urologist,NA,NA,NA
Dr. Sameeran Upasani,"MBBS, MD, DNB - Medicine",Internal Medicine Specialist,NA,NA,NA
डॉ. समीरन उपासानी,"MBBS, एमडी",आंतरिक चिकित्सा विशेषज्ञ,NA,NA,NA
Dr. Chittur Radhakrishnan,"MBBS, MS - Surgery, DNB",Pediatrician,NA,NA,₹ 850
डॉ. चित्तूर राधाकृष्णन,"MBBS, एमएस - सर्जरी, डीएनबी",बच्चों का चिकित्सक,NA,NA,NA
Dr. Suguna,"MBBS, MS - Obstetrics and Gynaecology",Gynaecologist,NA,NA,NA
Dr. Christopher R Siemens,Consultant,ENT Specialist,NA,NA,NA
डॉ. सुगुना,"MBBS, MS - Obstetrics and Gynaecology",प्रसूतिशास्री,NA,NA,NA
डॉ. विजयन के एन,Consultant,सार्विक शल्य चिकित्सक,NA,NA,NA
डॉ. वीबीएन प्रसाद,"MBBS, एमएस - ऑर्थोपेडिक्स, आईजीओएफ फैलोशिप - संशोधन हिप",संयुक्त प्रतिस्थापन सर्जन,NA,NA,NA
Dr. Vijayan K N,"MBBS, MS - General Surgery",General Surgeon,NA,NA,NA
Dr. VBN Prasad,"MBBS, MS - Orthopaedics , IGOF Fellowship - Revision Hips",Joint Replacement Surgeon,NA,NA,NA
डॉ. वीरेंद्र आर कुजलगी,Consultant,जठरांत्र चिकित्सक,NA,NA,NA
Dr. Veerendra R Koujalagi,"MBBS, MD - Internal Medicine, DM",Gastroenterologist,NA,NA,₹ 1090
Dr. Venkatesh Krishnamoorthy,"MBBS, MS - General Surgery, MCh - Urology",Uro Oncologist,NA,"33 Years of Practice,",NA
Dr. Kirit Bhatt,Consultant,Plastic Surgeon,NA,NA,NA
डॉ. वेंकटेश कृष्णमूर्ति,"एमबीबीएस, एमएस - जनरल सर्जरी, मच - मूत्रविज्ञान",वृक्क प्रत्यारोपण विशेषज्ञ,NA,"33 साल का अनुभव,",NA
Dr. Sean P Elliott,Consultant,Infectious Disease Specialist,NA,NA,NA
Dr. Heba Akbari,Consultant,Pediatric Neurologist,NA,NA,NA
Dr. Filippo Cremonini,Consultant,Gastroenterologist,NA,NA,NA
Dr. William D Adams,Consultant,Internal Medicine Specialist,NA,NA,NA
Dr. Amy M Dossey,Consultant,Pediatric Cardiologist,NA,NA,NA
Dr. Dawn R Ebach,Consultant,Pediatric Gastroenterologist,NA,NA,NA
Dr. Farrah L Altuve,Consultant,Orthopedist,NA,NA,NA
Dr. Todd E Abbott,Consultant,Pathologist,NA,NA,NA
Dr. Jeffrey J Albert,Consultant,Orthopedist,NA,NA,NA
Dr. Maria Teresa Bejarano,Consultant,Hematologist,NA,NA,NA
Dr. Arthur D Black,Consultant,Orthopedist,NA,NA,NA
डॉ. सुरेश जी विजन,"MBBS, एमडी, FACC",हृदय रोग विशेषज्ञ,NA,"41 साल का अनुभव,",NA
Dr. Ambika Sharma,"MBBS, PGDCC",Cardiac Surgeon,NA,NA,₹ 500
डॉ. अम्बिका शर्मा,"MBBS, PGDCC",हृदय रोग विशेषज्ञ,NA,NA,NA
डॉ. वसुदेव जाववाड़ी,Consultant,हड्डी का डॉक्टर,NA,NA,NA
Dr. Vijay Kumar,"MBBS, MD - Internal Medicine",Diabetes Specialist,NA,NA,₹ 600
डॉ. विजय कुमार,"MBBS, MD - Internal Medicine",मधुमेह विशेषज्ञ,NA,NA,NA
डॉ. Snehal Ghadecha,Consultant,फ़िज़ियोथेरेपिस्ट,NA,NA,NA
Dr. Suresh G Vijan,"MBBS, MD, FACC",Cardiac Surgeon,NA,"41 Years of Practice,",NA
Dr. Sarah N Cross,Consultant,Gynaecologist,NA,NA,NA
Dr. Vasudev Javvadi,"MBBS, MS - Orthopaedics",Orthopedist,NA,NA,NA
Dr. Cynthia H Baker,Consultant,Geriatric Medicine Specialist,NA,NA,NA
Dr. Cynthia R Copp (Regina),Consultant,Pediatrician,NA,NA,NA
Dr. Carleen Messina,Consultant,Internal Medicine Specialist,NA,NA,NA
Dr. Pamela S McGrann,Consultant,Genetic Medicine Specialist,NA,NA,NA
Dr. Snehal Ghadecha,MBBS,Physiotherapist,NA,NA,NA
Dr. Michael C Dennis,Consultant,Orthopedist,NA,NA,NA
Dr. Justin A Reed,Consultant,Surgical Oncologist,NA,NA,NA
Dr. John S Atwater,Consultant,Immunologist,NA,NA,NA
Dr. Naveen R Allam,Consultant,Internal Medicine Specialist,NA,NA,NA
Dr. Laura S Merriman,Consultant,Urologist,NA,NA,NA
Dr. Andrew I Mower,Consultant,Pediatric Neurologist,NA,NA,NA
Dr. David L Brown,Consultant,Neonatologist,NA,NA,NA
Dr. Juan A Cantu Clatza,Consultant,Endocrinologist,NA,NA,NA
Dr. Jean Abed,Consultant,Gastroenterologist,NA,NA,NA
Dr. Mohammed Bermo,Consultant,Nuclear Medicine Specialist,NA,NA,NA
Dr. David J Crockett,Consultant,ENT Specialist,NA,NA,NA
Dr. David J Carter,Consultant,Cardiac Surgeon,NA,NA,NA
Dr. John R Carder,Consultant,Pediatrician,NA,NA,NA
Dr. Jocelyn Y Ang,Consultant,Infectious Disease Specialist,NA,NA,NA
Dr. Senthil Velan,"MBBS, Diploma - Orthopedic Surgery, Diploma - Orthopedics",Orthopedist,NA,NA,₹ 900
Dr. Veera Sena Reddy,"MBBS, MS (General Surgery)",General Surgeon,NA,NA,NA
डॉ. सेंथिल वेलन,", आर्थोपेडिक सर्जरी में डिप्लोमा, हड्डी रोग में डिप्लोमा",हड्डी का डॉक्टर,NA,NA,NA
डॉ. वीरा सेना रेड्डी,"MBBS, एमएस (जनरल सर्जरी)",सार्विक शल्य चिकित्सक,NA,NA,NA
Dr. Vinod Agarwala,"MBBS, MS - Orthopedics, Diploma - Orthopedics",Orthopedist,NA,NA,NA
Dr. Adam D Atkins,Consultant,Internal Medicine Specialist,NA,NA,NA
डॉ. विनोद अग्रवाला,"MBBS, एमएस - ओर्थो, डिप्लोमा - ओर्थो",हड्डी का डॉक्टर,NA,NA,NA
Dr. Jyotsana Sabnis,"MBBS, MS, DNB - Neurosurgery",Neurosurgeon,NA,NA,NA
Dr. Vineet Gupta,"MBBS, MD - Medicine, DM - Medical Oncology",Surgical Oncologist,NA,"28 Years of Practice,",NA
डॉ. ज्योत्साना सबनीस,Consultant,न्यूरोसर्जन,NA,NA,NA
डॉ. विनीत गुप्ता,"MBBS, एमडी, डीएम - मेडिकल ऑन्कोलॉजी",स्त्री रोग विशेषज्ञ,NA,"28 साल का अनुभव,",NA
Dr. Alexandra B Iannone (Bastian),Consultant,Pediatric Pulmonologist,NA,NA,NA
Dr. Vinay S Joshi,"MBBS, MS - Orthopedics, Diploma - Orthopedics",Orthopedist,NA,NA,₹ 2000
Dr. Joseph Anzalone,Consultant,Nephrologist,NA,NA,NA
डॉ. विनय एस जोशी,"MBBS, एमएस - अस्थि-रोग, डी '- अस्थि-रोग",हड्डी का डॉक्टर,NA,NA,NA
Dr. Chrystal Erickson,Consultant,Orthopedist,NA,NA,NA
Dr. Adi Rottonji Nazir,"MBBS, MS - General Surgery, Fellowship",Laparoscopic Surgeon,NA,NA,NA
डॉ. आदि रोटोनजी नजीर,"MBBS, एमएस, FRCS (इंग्लैंड)",लैप्रोस्कोपिक सर्जन,NA,NA,NA
Dr. R Nagaraju,"MBBS, MD (General Medicine)",Internal Medicine Specialist,NA,NA,NA
डॉ. आर नागराजू,"MBBS, एमडी (जनरल मेडीसिन)",आंतरिक चिकित्सा विशेषज्ञ,NA,NA,NA
Dr. Bonita S Alexander (Alexander Peterson),Consultant,Physiatrist,NA,NA,NA
Dr. Ashley F Blurton (Ramsey),Consultant,Nuclear Medicine Specialist,NA,NA,NA
Dr. Sandra Y Elliott,Consultant,Infectious Disease Specialist,NA,NA,NA
Dr. Rosinda DeLaPena,Consultant,Gynaecologist,NA,NA,NA
डॉ. गोपाल,"MBBS, एमडी, डीएम - तंत्रिका विज्ञान",न्यूरोलॉजिस्ट,NA,NA,NA
डॉ. ए के शुक्ला,"MBBS, एमडी",आंतरिक चिकित्सा विशेषज्ञ,NA,NA,NA
Dr. Charles W Bartholome,Consultant,Dermatologist,NA,NA,NA
Dr. Manjunath,"MBBS, MD",Internal Medicine Specialist,NA,NA,₹ 850
Dr. Gopal,"MBBS, MD, DM - Neurology",Neurologist,NA,NA,NA
Dr. James L Banks,Consultant,Neonatologist,NA,NA,NA
Dr. A K Shukla,"MBBS, MD",Internal Medicine Specialist,NA,NA,NA
डॉ. मंजुनाथ,"MBBS, एमडी",आंतरिक चिकित्सा विशेषज्ञ,NA,NA,NA
डॉ. पूनम यादव,"MBBS, एमफिल - अस्पताल और स्वास्थ्य प्रणाली प्रबंधन, डीएनबी - नेत्र विज्ञान",नेत्र-विशेषज्ञ,NA,NA,NA
Dr. Poonam Yadav,"MBBS, MPhil - Hospital and Health System Management, DNB - Ophthalmology",Opthalmologist,NA,NA,₹ 700
Dr. Vinoy Upadhyay,"MBBS, Diploma - Orthopaedics, Fellowship",Orthopedist,NA,NA,NA
डॉ. विनोय उपाध्याय,"MBBS, डिप्लोमा - अस्थि-रोग, फैलोशिप",हड्डी का डॉक्टर,NA,NA,NA
Dr. Ajay Jain,"MBBS, MD - Internal Medicine, DM - Gastroenterology",Gastroenterologist,NA,NA,NA
डॉ. अजय जैन,"MBBS, एमडी, डीएम - गैस्ट्रोएंटरोलॉजी",जठरांत्र चिकित्सक,NA,NA,NA
Dr. Jana L Fahmy,Consultant,Radiologist,NA,NA,NA
Dr. Paul Beckett,Consultant,Internal Medicine Specialist,NA,NA,NA
Dr. Monica M Forbes-Amrhein,Consultant,Radiologist,NA,NA,NA
Dr. Barbara A Garner,Consultant,Nuclear Medicine Specialist,NA,NA,NA
Dr. Maha Abboud,Consultant,Endocrinologist,NA,NA,NA
Dr. Alton R Greene,Consultant,Internal Medicine Specialist,NA,NA,NA
Dr. David Baker,Consultant,Pediatrician,NA,NA,NA
Dr. Laura Hoyt,Consultant,Infectious Disease Specialist,NA,NA,NA
Dr. Jay K Chu,Consultant,Nephrologist,NA,NA,NA
Dr. Sydney L Adams (Hughes),Consultant,Internal Medicine Specialist,NA,NA,NA
Dr. Mahmoud Dakhel,Consultant,Nuclear Medicine Specialist,NA,NA,NA
Dr. Jeffrey S Meints,Consultant,Radiologist,NA,NA,NA
Dr. Michael P Allswede,Consultant,Emergency Doctor,NA,NA,NA
Dr. Alexandra Sherman,Consultant,Radiation Oncologist,NA,NA,NA
Dr. Muhammad A Arshad,Consultant,Neurologist,NA,NA,NA
डॉ. विवेक वेंकट,"MBBS, MS - General Surgery, MCh - Urology",सर्जिकल ऑन्कोलॉजिस्ट,NA,NA,NA
Dr. Vivek Venkat,"MBBS, MS - General Surgery, MCh - Urology",Surgical Oncologist,NA,NA,NA
Dr. Manoj Naik,"MBBS, MD - General Medicine",Internal Medicine Specialist,NA,NA,NA
डॉ. मनोज नाइक,Consultant,आंतरिक चिकित्सा विशेषज्ञ,NA,NA,NA
Dr. Vishal Agarwal,"MBBS, MS - General Surgery, MCh - Cardio Vascular and Thoracic Surgery",Cardiac Surgeon,NA,"20 Years of Practice,",NA
डॉ. विशाल अग्रवाल,"MBBS, एमएस - जनरल सर्जरी, मच - कार्डियो संवहनी और छाती रोगों की सर्जरी",हृदय शल्य चिकित्सक,NA,"20 साल का अनुभव,",NA
Dr. Vivek Hebbar,"MBBS, MD - General Medicine",Internal Medicine Specialist,NA,NA,NA
डॉ. विवेक हेब्बर,Consultant,आंतरिक चिकित्सा विशेषज्ञ,NA,NA,NA
Dr. D Ravindra Babu,"MBBS, MS - General Surgery, Fellowship",Surgical Gastroenterologist,NA,NA,NA
डॉ. D रवींद्र बाबू,", , साहचर्य",लैप्रोस्कोपिक सर्जन,NA,NA,NA
Dr. Parag A Vibhakar,"MBBS, MS - General Surgery, MCh - Plastic Surgery",Plastic Surgeon,NA,NA,NA
डॉ. पैराग ए विबाकर,"MBBS, एमएस, मच",प्लास्टिक शल्यचिकित्सक,NA,NA,NA
Dr. William G Allen,Consultant,Pulmonologist,NA,NA,NA
Dr. N Venkata Ramana Reddy,"MBBS, DNB - Radio Diagnosis, DMRD",Radiologist,NA,NA,NA
डॉ. एन वेंकट रमना रेड्डी,"MBBS, डीएनबी - रेडियो निदान, DMRD",रेडियोलोकेशन करनेवाला,NA,NA,NA
Dr. Vipul Vijay,"MBBS, MS - Orthopaedics",Orthopedist,NA,NA,NA
डॉ. विपुल विजय,Consultant,हड्डी का डॉक्टर,NA,NA,NA
Dr. William C Allen,Consultant,Critical Care Specialist,NA,NA,NA
Dr. Leigh E Gipe (Slagsvold),Consultant,Geriatric Medicine Specialist,NA,NA,NA
Dr. Ravindhra G Elluru,Consultant,ENT Specialist,NA,NA,NA
Dr. Benjamin M Aakre,Consultant,Critical Care Specialist,NA,NA,NA
Dr. Margot H Anderson,Consultant,Infectious Disease Specialist,NA,NA,NA
Dr. Leen Alhafez,Consultant,Gynaecologist,NA,NA,NA
Dr. Scott W Shelfo,Consultant,Urologist,NA,NA,NA
Dr. Gene T Lee,Consultant,Gynaecologist,NA,NA,NA
डॉ. सैफुद्दीन नादवी,"MBBS, एमएस - जनरल सर्जरी, रों",संयुक्त प्रतिस्थापन सर्जन,NA,NA,NA
Dr. Rahul Anil,Consultant,Internal Medicine Specialist,NA,NA,NA
Dr. David A Blanco,Consultant,Pediatric Gastroenterologist,NA,NA,NA
डॉ. पी नलिनिकांत,"MBBS, जल",ईंट विशेषज्ञ,NA,NA,NA
Dr. Saifuddin Nadwi,"MBBS, MS - General Surgery, Fellowship - Joint Replacement Surgery",Orthopedist,NA,NA,₹ 1500
Dr. P Nalinikanth,"MBBS, DLO",ENT Specialist,NA,NA,₹ 800
Dr. Ashley R Bertolami,Consultant,Geriatric Medicine Specialist,NA,NA,NA
Dr. Ramandeep Singh Arora,"MBBS, DCH - Pediatrics, MD - Cancer Epidemiology",Oncologist,NA,NA,NA
Dr. Fernando Castro,Consultant,Rheumatologist,NA,NA,NA
डॉ. रामंदीप सिंह अरोड़ा,"MBBS, DCH - बाल रोग, एमडी - कैंसर जानपदिक रोग विज्ञान",बच्चों का चिकित्सक,NA,NA,NA
Dr. Saravanan Periasamy,"MBBS, DNB - General Surgery, MCh - Surgical Oncology",Oncologist,NA,NA,₹ 650
डॉ. Saravanan Periasamy,Consultant,सर्जिकल ऑन्कोलॉजिस्ट,NA,NA,NA
Dr. Madhusudan Rameshlal Jaju,"MBBS, DNB - Anaesthesiology, Fellowship - Critical Care Medicine",Critical Care Specialist,NA,NA,NA
डॉ. मधुसूदन रमेशलाल जाजू,"MBBS, Diploma - Anaesthesiology, Fellowship - Critical Care Medicine",महत्वपूर्ण देखभाल विशेषज्ञ,NA,NA,NA
Dr. Venkataramanan Swaminathan,"MBBS, MS - Orthopaedics, Diploma - Orthopaedics",Orthopedist,NA,"30 Years of Practice,",NA
डॉ. वेंकटारामन स्वामिनथन,"एमबीबीएस, एमएस - अस्थि-रोग, डिप्लोमा - अस्थि-रोग",हड्डी का डॉक्टर,NA,"30 साल का अनुभव,",NA
Dr. Young P Oliver,Consultant,Pediatric Neurologist,NA,NA,NA
Dr. Jyoti Bhatia (Barnes),Consultant,Pediatric Cardiologist,NA,NA,NA
Dr. Mohammad Eskandari,Consultant,Pathologist,NA,NA,NA
Dr. Jason D Parker,Consultant,Gynaecologist,NA,NA,NA
Dr. Matthew D Byers,Consultant,ENT Specialist,NA,NA,NA
Dr. Samuel Abbas,Consultant,Internal Medicine Specialist,NA,NA,NA
Dr. Mindy A Banks,Consultant,Pediatric Nephrologist,NA,NA,NA
Dr. Susan K Boyer,Consultant,Psychiatrist,NA,NA,NA
Dr. Amanda M Bond (Rubin),Consultant,Orthopedist,NA,NA,NA
Dr. Kimberly R Andersen,Consultant,Gynaecologist,NA,NA,NA
Dr. Jeffrey Metts,Consultant,Internal Medicine Specialist,NA,NA,NA
Dr. Boris Abayev,Consultant,Physiatrist,NA,NA,NA
Dr. Santhi Avula,Consultant,Psychiatrist,NA,NA,NA
Dr. Leena K Bhattacharya,Consultant,Infectious Disease Specialist,NA,NA,NA
Dr. John M James,Consultant,Immunologist,NA,NA,NA
Dr. Kelsey A Brozek,Consultant,Neonatologist,NA,NA,NA
Dr. Gopichand Mamillapalli,"MBBS, MS, MCh - Surgical Oncology",Oncologist,NA,NA,₹ 300
डॉ. गोपिचंद ममिल्लापल्ली,Consultant,स्त्री रोग विशेषज्ञ,NA,NA,NA
Dr. Suhail Qureshi,"MBBS, DNB - Medical Oncology, Fellowship - Medical Oncology",Surgical Oncologist,NA,NA,NA
डॉ. सुहेल कुरैशी,Consultant,स्त्री रोग विशेषज्ञ,NA,NA,NA
Dr. Shekhar Kulkarni,"MBBS, MS",Hemato Oncologist,NA,NA,NA
डॉ. शेखर कुलकर्णी,Consultant,स्त्री रोग विशेषज्ञ,NA,NA,NA
Dr. Gunjan Verma,"MBBS, MD - Dermatology, Venereology and Leprosy",Dermatologist,NA,NA,₹ 900
डॉ. गुन वर्मा,"MBBS,",त्वचा विशेषज्ञ,NA,NA,NA
Dr. Shiyi Abla-Yao,Consultant,Critical Care Specialist,NA,NA,NA
Dr. Timothy A Albers,Consultant,Internal Medicine Specialist,NA,NA,NA
Dr. Jennifer Dotson,Consultant,Oncologist,NA,NA,NA
Dr. James C Day,Consultant,Infectious Disease Specialist,NA,NA,NA
Dr. Gary D Kronfeld,Consultant,Radiologist,NA,NA,NA
Dr. Richard R Augspurger,Consultant,Urologist,NA,NA,NA
Dr. Margaret M Charsley,Consultant,Critical Care Specialist,NA,NA,NA
Dr. Tazeem A Aizad,Consultant,Pediatrician,NA,NA,NA
Dr. Ruth Heimann,Consultant,Radiation Oncologist,NA,NA,NA
Dr. Christopher D Huston,Consultant,Infectious Disease Specialist,NA,NA,NA
Dr. Chinmoy Gulrajani,Consultant,Psychiatrist,NA,NA,NA
Dr. Kwame S Akowuah,Consultant,Psychiatrist,NA,NA,NA
Dr. Chafik Assal,Consultant,Cardiologist,NA,NA,NA
Dr. Mohammed S Ahmed,Consultant,Nephrologist,NA,NA,NA
Dr. Indu Agarwal,Consultant,Neonatologist,NA,NA,NA
Dr. Steven R DeMeester,Consultant,Cardiac Surgeon,NA,NA,NA
Dr. Jeffrey D Alden,Consultant,Psychiatrist,NA,NA,NA
Dr. Raman Gaikwad,"MBBS, MD - Internal Medicine, FNB - Infectious Diseases",Infectious Disease Specialist,NA,NA,NA
डॉ. रमन गाइकवाड़,"MBBS, एमडी - चिकित्सा, एफएनबी - संक्रामक रोग",आंतरिक चिकित्सा विशेषज्ञ,NA,NA,NA
Dr. Andrew S Camarata,Consultant,Radiation Oncologist,NA,NA,NA
Dr. Amish Udani,"MBBS, MD - Paediatrics, DCH",Nephrologist,NA,NA,NA
डॉ. अमीश उदानी,"MBBS, एमडी - बाल चिकित्सा, DCH",किडनी रोग विशेषज्ञ,NA,NA,NA
Dr. Danny Abad,Consultant,Internal Medicine Specialist,NA,NA,NA
Dr. Krishen Bindiganavile Ranganath,"MBBS, PG Diploma - Medical Law and Ethics, Diploma - Clinical Psychiatry",Psychiatrist,NA,NA,NA
डॉ. कृषन बिंदिगनाविले रंगनाथ,"MBBS, ,",मनोचिकित्सक,NA,NA,NA
डॉ. धिरज मल्होत्रा,"MBBS, Diploma - Physical Medicine & Rehabilitation, DNB",फ़िज़ियाट्रिस्ट,NA,NA,NA
Dr. Dhiraj Malhotra,"MBBS, Diploma - Physical Medicine and Rehabilitation, DNB",Physiatrist,NA,NA,NA
Dr. Ritu Palve,"MBBS, DNB - Obstetrics and Gynecology, Diploma - Obstetrics and Gyenocology",Gynaecologist,NA,NA,NA
Dr. Rommel Tickoo,"MBBS, MD - Internal Medicine",Internal Medicine Specialist,NA,"18 Years of Practice,",NA
डॉ. रोमेल टिको,"MBBS, एमडी - आंतरिक दवाई",आंतरिक चिकित्सा विशेषज्ञ,NA,"18 साल का अनुभव,",NA
डॉ. परमानंद एंडंकर,"MBBS, एमडी, डीएनबी",बच्चों का चिकित्सक,NA,NA,NA
डॉ. रितु पालव,"MBBS, डीएनबी, डी जी ओ",प्रसूतिशास्री,NA,NA,NA
डॉ. राजर्षी बनर्जी,"बीडीएस, एमडीएस, MOMS",दंत चिकित्सक,NA,NA,NA
Dr. Hugh D Allen,Consultant,Pediatric Cardiologist,NA,NA,NA
Dr. Paramanand Andankar,"MBBS, MD, DNB",Neonatologist,NA,NA,NA
Dr. Rajarshi Banerjee,"BDS, MDS, MOMS",Dentist,NA,NA,₹ 800
Dr. Alfred J Beyer,Consultant,Radiologist,NA,NA,NA
Dr. Jennifer Hung,Consultant,Radiation Oncologist,NA,NA,NA
Dr. Kwame Anyane-Yeboa,Consultant,Genetic Medicine Specialist,NA,NA,NA
Dr. Samer Alhindi,Consultant,Internal Medicine Specialist,NA,NA,NA
Dr. GS Prabhudoss,"MBBS, MS - General Surgery, MCh - Surgical Gastroenterology",Surgical Gastroenterologist,NA,NA,NA
Dr. Pramod Bonde,Consultant,Cardiac Surgeon,NA,NA,NA
डॉ. जीएस प्रभुदोस,"MBBS, एमएस - जनरल सर्जरी, एमसीएच - सर्जिकल गैस्ट्रोएंटरोलॉजी",सर्जिकल गैस्ट्रोएंटेरोलॉजिस्ट,NA,NA,NA
Dr. Narender kumar Thota,"MBBS, MD - Internal Medicine, DM - Medical Oncology",Surgical Oncologist,NA,NA,NA
डॉ. नरेंद्र कुमार थोटा,"MBBS, MD - Internal Medicine, DM - Medical Oncology",स्त्री रोग विशेषज्ञ,NA,NA,NA
Dr. BN Nageswara Rao,"MBBS,  DNB- General Surgery",General Surgeon,NA,NA,NA
डॉ. बीएन नेजसेवा राव,Consultant,सार्विक शल्य चिकित्सक,NA,NA,NA
Dr. Jennifer Soep,Consultant,Pediatric Rheumatologist,NA,NA,NA
Dr. Mangesh Udar,"MBBS, DNB - Neurology, DNB - General Medicine",Neurologist,NA,NA,NA
डॉ. मंगेश उदार,Consultant,न्यूरोलॉजिस्ट,NA,NA,NA
डॉ. राखी ढोट्रे,"MBBS, एमएस (ईएनटी), डीएनबी",ईंट विशेषज्ञ,NA,NA,NA
Dr. Rakhi Dhotre,"MBBS, MS (ENT), DNB",ENT Specialist,NA,NA,NA
डॉ. अर्चना,"MBBS, Diploma - Podiatric Medicine, DNB - Psychiatry",मनोचिकित्सक,NA,NA,NA
Dr. Petra S Jonsson Razdan (Razdan),Consultant,Immunologist,NA,NA,NA
Dr. Rashmi Vasanth,"MBBS, Diploma - Obstetrics and Gynecology",Gynaecologist,NA,NA,NA
डॉ. सुला रे प्रसाद,"MBBS, डी जी ओ",प्रसूतिशास्री,NA,NA,NA
डॉ. रश्मि वसंत,"MBBS, डी जी ओ",प्रसूतिशास्री,NA,NA,NA
Dr. Archana,"MBBS, Diploma - Podiatric Medicine, DNB - Psychiatry",Psychiatrist,NA,NA,NA
Dr. Jeffery M Adler,Consultant,Emergency Doctor,NA,NA,NA
Dr. Sula Ray Prasad,"MBBS, DGO",Gynaecologist,NA,NA,NA
Dr. Jamie A Baker,Consultant,Psychiatrist,NA,NA,NA
Dr. Mohammed T Alhammouri,Consultant,Pulmonologist,NA,NA,NA
Dr. Ayman S Al Hakim,Consultant,Hematologist,NA,NA,NA
Dr. Elizabeth A Ignacio,Consultant,Radiologist,NA,NA,NA
